"","X","lon","lat"
"1",1,NA,NA
"2",2,-81.1270035,29.4749754
"3",3,-122.4194155,37.7749295
"4",4,-71.3824374,42.4072107
"5",5,-77.3133268,40.4732862
"6",6,NA,NA
"7",7,-95.712891,37.09024
"8",8,-71.4128343,41.8239891
"9",9,-120.059879,36.7235572
"10",10,51.5310398,25.2854473
"11",11,-121.4943996,38.5815719
"12",12,-100.4995214,28.7091433
"13",13,-96.8236116,33.1506744
"14",14,-73.9968807,40.7249194
"15",15,NA,NA
"16",16,-86.5804473,35.5174913
"17",17,-73.1910115,41.212079
"18",18,-73.4620685,40.7009337
"19",19,-71.0588801,42.3600825
"20",20,-70.6619888,42.6159285
"21",21,NA,NA
"22",22,-82.907123,40.4172871
"23",23,-71.2478251,42.0653812
"24",24,-69.0067762,44.4258239
"25",25,-95.6375044,29.7545326
"26",26,-86.7816016,36.1626638
"27",27,NA,NA
"28",28,-51.2176986,-30.0346316
"29",29,121.774017,12.879721
"30",30,-157.8583333,21.3069444
"31",31,-118.2436849,34.0522342
"32",32,-1.1743197,52.3555177
"33",33,-66.817271,10.4740033
"34",34,-119.5644584,49.863612
"35",35,-82.9000751,32.1656221
"36",36,NA,NA
"37",37,-76.6412712,39.0457549
"38",38,NA,NA
"39",39,-87.6297982,41.8781136
"40",40,-47.1947232,-22.4941883
"41",41,-127.6476206,53.7266683
"42",42,-115.1398296,36.1699412
"43",43,-5.580576,54.367727
"44",44,-84.4651644,39.0325249
"45",45,-83.3977101,41.9164343
"46",46,NA,NA
"47",47,-118.2436849,34.0522342
"48",48,-71.2478251,42.0653812
"49",49,-119.4179324,36.778261
"50",50,-98.292273,34.7803469
"51",51,NA,NA
"52",52,-122.3320708,47.6062095
"53",53,-82.3331733,34.9037282
"54",54,-94.70496,37.410884
"55",55,-71.0588801,42.3600825
"56",56,-71.3824374,42.4072107
"57",57,NA,NA
"58",58,-120.3601496,36.139678
"59",59,NA,NA
"60",60,-79.532157,43.8169837
"61",61,77.2090212,28.6139391
"62",62,-73.567256,45.5016889
"63",63,-71.5723953,43.1938516
"64",64,-80.1917902,25.7616798
"65",65,NA,NA
"66",66,78.96288,20.593684
"67",67,-82.0131924,39.9403453
"68",68,NA,NA
"69",69,-75.4596404,39.8006685
"70",70,-51.92528,-14.235004
"71",71,-122.4194155,37.7749295
"72",72,-84.3879824,33.7489954
"73",73,-85.343231,35.005974
"74",74,NA,NA
"75",75,NA,NA
"76",76,NA,NA
"77",77,103.4937107,14.882905
"78",78,-55.765835,-32.522779
"79",79,-149.0729715,62.4113634
"80",80,-69.4454689,45.253783
"81",81,-83.6244427,41.6116037
"82",82,-156.4450063,20.7644275
"83",83,-48.374721,-1.3642722
"84",84,NA,NA
"85",85,-3.7037902,40.4167754
"86",86,NA,NA
"87",87,-73.2852,41.40097
"88",88,-83.7430378,42.2808256
"89",89,NA,NA
"90",90,-79.469837,43.7806677
"91",91,18.643501,60.128161
"92",92,21.734574,38.2466395
"93",93,-87.9064736,43.0389025
"94",94,NA,NA
"95",95,-119.8138027,39.5296329
"96",96,-95.712891,37.09024
"97",97,-89.6894365,39.6897166
"98",98,-71.0588801,42.3600825
"99",99,-76.3055144,40.0378755
"100",100,-74.0059413,40.7127837
"101",101,-91.5301683,41.6611277
"102",102,NA,NA
"103",103,-122.3534247,45.5826188
"104",104,-91.8318334,37.9642529
"105",105,-79.3831843,43.653226
"106",106,-118.2436849,34.0522342
"107",107,119.6290617,-4.0096221
"108",108,-96.3699632,30.6743643
"109",109,-117.6508876,34.0633443
"110",110,-86.7436808,36.1130645
"111",111,-73.996337,40.7529454
"112",112,-118.1669736,34.0224417
"113",113,-118.2436849,34.0522342
"114",114,-79.532157,43.8169837
"115",115,-86.902298,32.3182314
"116",116,2.213749,46.227638
"117",117,-73.7868236,42.9854395
"118",118,-89.3985283,32.3546679
"119",119,-104.8560902,39.3722121
"120",120,-94.6858998,46.729553
"121",121,-71.0588801,42.3600825
"122",122,-121.2907796,37.9577016
"123",123,-102.4107493,34.2331373
"124",124,NA,NA
"125",125,-76.535758,3.45246
"126",126,NA,NA
"127",127,-102.4107493,34.2331373
"128",128,-84.3879824,33.7489954
"129",129,-71.512617,41.8205199
"130",130,NA,NA
"131",131,-81.1637245,33.836081
"132",132,NA,NA
"133",133,-84.1318632,36.1034126
"134",134,-78.8783689,42.8864468
"135",135,-74.0059413,40.7127837
"136",136,-83.8408265,40.2778934
"137",137,NA,NA
"138",138,-97.7430608,30.267153
"139",139,NA,NA
"140",140,-84.0907246,9.9280694
"141",141,-80.0943113,43.9199788
"142",142,NA,NA
"143",143,NA,NA
"144",144,-119.4179324,36.778261
"145",145,4.8091029,52.6930156
"146",146,-95.712891,37.09024
"147",147,-76.3133944,36.9449989
"148",148,-118.2436849,34.0522342
"149",149,-97.2988543,32.479775
"150",150,-77.4588318,37.5455723
"151",151,19.699024,48.669026
"152",152,-71.0588801,42.3600825
"153",153,-5.8593267,43.3613953
"154",154,-74.0059413,40.7127837
"155",155,NA,NA
"156",156,NA,NA
"157",157,-117.1610838,32.715738
"158",158,-87.4547635,41.6392024
"159",159,NA,NA
"160",160,-71.1097335,42.3736158
"161",161,-95.3698028,29.7604267
"162",162,31.03351,30.8753556
"163",163,-95.712891,37.09024
"164",164,-81.2058333,40.96735
"165",165,-74.1371832,40.0578384
"166",166,-112.1691424,36.0581214
"167",167,-122.8677562,49.2849107
"168",168,NA,NA
"169",169,-94.8880916,30.0447317
"170",170,-83.0313905,35.26594
"171",171,133.775136,-25.274398
"172",172,33.429859,35.126413
"173",173,NA,NA
"174",174,18.4240553,-33.9248685
"175",175,-74.0059413,40.7127837
"176",176,-117.1610838,32.715738
"177",177,-97.5164276,35.4675602
"178",178,-73.9441579,40.6781784
"179",179,-119.4179324,36.778261
"180",180,-118.7986152,55.1699396
"181",181,-87.6297982,41.8781136
"182",182,NA,NA
"183",183,-81.1637245,33.836081
"184",184,126.9779692,37.566535
"185",185,-80.1917902,25.7616798
"186",186,-74.1723667,40.735657
"187",187,NA,NA
"188",188,-51.92528,-14.235004
"189",189,NA,NA
"190",190,NA,NA
"191",191,NA,NA
"192",192,18.5711994,53.0195187
"193",193,-90.0489801,35.1495343
"194",194,-92.4056985,32.7734728
"195",195,-82.1823746,41.452819
"196",196,-73.9712488,40.7830603
"197",197,-75.1652215,39.9525839
"198",198,NA,NA
"199",199,NA,NA
"200",200,-89.6501481,39.7817213
"201",201,-77.0368707,38.9071923
"202",202,-79.3831843,43.653226
"203",203,-74.0059413,40.7127837
"204",204,-119.4179324,36.778261
"205",205,NA,NA
"206",206,-117.2286478,33.7825194
"207",207,-91.1403196,30.4582829
"208",208,101.8563081,3.3696727
"209",209,NA,NA
"210",210,-80.8431267,35.2270869
"211",211,-51.92528,-14.235004
"212",212,-95.712891,37.09024
"213",213,NA,NA
"214",214,-76.4730122,37.0870821
"215",215,NA,NA
"216",216,NA,NA
"217",217,-118.2436849,34.0522342
"218",218,-111.8109439,33.3303713
"219",219,-105.0372046,39.8366528
"220",220,NA,NA
"221",221,-94.8701751,41.2724818
"222",222,-74.0059413,40.7127837
"223",223,-0.8094705,51.8137073
"224",224,-122.3334805,47.6022011
"225",225,-87.2549348,37.6295736
"226",226,NA,NA
"227",227,-71.2689461,42.5584218
"228",228,2.381153,48.857993
"229",229,-71.4774291,41.5800945
"230",230,-73.9202391,41.6002842
"231",231,-86.5804473,35.5174913
"232",232,-82.9000751,32.1656221
"233",233,7.2138801,43.6669859
"234",234,-90.0715323,29.9510658
"235",235,-82.1076486,41.3683798
"236",236,-84.3879824,33.7489954
"237",237,-117.9992265,33.660297
"238",238,-122.8755949,42.3265152
"239",239,-71.0588801,42.3600825
"240",240,-71.0588801,42.3600825
"241",241,-97.2689212,35.4975625
"242",242,-95.712891,37.09024
"243",243,-84.3879824,33.7489954
"244",244,-79.3831843,43.653226
"245",245,-84.3640829,33.7589188
"246",246,-84.3879824,33.7489954
"247",247,-74.0059413,40.7127837
"248",248,-73.9823391,40.7458336
"249",249,-89.408128,35.698133
"250",250,-7.6920536,53.1423672
"251",251,-73.9441579,40.6781784
"252",252,-73.1709604,44.4669941
"253",253,-71.0588801,42.3600825
"254",254,NA,NA
"255",255,-118.3173209,34.0954806
"256",256,-122.4194155,37.7749295
"257",257,-95.712891,37.09024
"258",258,-73.8987469,40.9312099
"259",259,8.468946,60.472024
"260",260,-88.7878678,43.7844397
"261",261,-122.2170661,47.4828776
"262",262,-83.1234008,40.004425
"263",263,-89.9859158,32.2732024
"264",264,NA,NA
"265",265,-119.4179324,36.778261
"266",266,-87.9064736,43.0389025
"267",267,-111.892748,40.912639
"268",268,-75.1652215,39.9525839
"269",269,-121.4235971,38.5597528
"270",270,-80.735164,35.3070929
"271",271,NA,NA
"272",272,-112.2373779,33.5805955
"273",273,-97.092877,35.0077519
"274",274,-71.4508394,41.6443772
"275",275,-95.712891,37.09024
"276",276,-74.0059413,40.7127837
"277",277,8.227512,46.818188
"278",278,-95.712891,37.09024
"279",279,-71.3824374,42.4072107
"280",280,-70.2311655,44.0978509
"281",281,NA,NA
"282",282,-1.349736,50.609968
"283",283,-122.3320708,47.6062095
"284",284,NA,NA
"285",285,33.3598366,35.1338417
"286",286,-74.297333,4.570868
"287",287,-74.0059413,40.7127837
"288",288,-1.1743197,52.3555177
"289",289,-77.3570028,38.9586307
"290",290,-112.315721,34.6100243
"291",291,NA,NA
"292",292,-71.3128285,41.4901024
"293",293,-60.0217314,-3.1190275
"294",294,3.2835137,6.4664448
"295",295,-102.0779146,31.9973456
"296",296,-104.990251,39.7392358
"297",297,-71.4128343,41.8239891
"298",298,-99.9018131,31.9685988
"299",299,-94.6858998,46.729553
"300",300,-65.019406,46.550374
"301",301,-80.1917902,25.7616798
"302",302,-75.1996261,39.9568501
"303",303,-97.4763733,26.0717438
"304",304,-95.3698028,29.7604267
"305",305,-51.92528,-14.235004
"306",306,-81.5157535,27.6648274
"307",307,-79.3831843,43.653226
"308",308,-86.7816016,36.1626638
"309",309,-117.1610838,32.715738
"310",310,-58.4302476,-34.7611823
"311",311,-90.4974359,38.7881062
"312",312,NA,NA
"313",313,-85.8344383,41.5822716
"314",314,-122.4194155,37.7749295
"315",315,-118.2436849,34.0522342
"316",316,-110.926479,32.2217429
"317",317,-77.1945247,41.2033216
"318",318,NA,NA
"319",319,-74.4056612,40.0583238
"320",320,NA,NA
"321",321,78.96288,20.593684
"322",322,-95.712891,37.09024
"323",323,-81.5941274,28.3305184
"324",324,35.862285,33.854721
"325",325,NA,NA
"326",326,-95.3698028,29.7604267
"327",327,-118.390279,34.067432
"328",328,NA,NA
"329",329,-74.4642861,40.554887
"330",330,NA,NA
"331",331,NA,NA
"332",332,-122.9888319,38.5779555
"333",333,-127.6476206,53.7266683
"334",334,-111.2833449,47.4941836
"335",335,-71.5723953,43.1938516
"336",336,-71.0588801,42.3600825
"337",337,-87.5000412,41.5833688
"338",338,-74.0050227,40.728153
"339",339,NA,NA
"340",340,-3.435973,55.378051
"341",341,-75.1652215,39.9525839
"342",342,-95.3698028,29.7604267
"343",343,-97.5027376,25.8690294
"344",344,-87.6297982,41.8781136
"345",345,-95.3698028,29.7604267
"346",346,-73.2519376,40.8212188
"347",347,-106.346771,56.130366
"348",348,-122.2913078,37.8271784
"349",349,-63.0574406,18.2148129
"350",350,-114.7420408,44.0682019
"351",351,-82.9000751,32.1656221
"352",352,NA,NA
"353",353,-91.5523622,32.3014769
"354",354,-78.4060587,33.8953995
"355",355,-121.8447,37.1108
"356",356,-74.0776417,40.7281575
"357",357,-71.0588801,42.3600825
"358",358,-80.1917902,25.7616798
"359",359,NA,NA
"360",360,-87.6297982,41.8781136
"361",361,-81.3792365,28.5383355
"362",362,-81.3792365,28.5383355
"363",363,-71.3824374,42.4072107
"364",364,-86.7816016,36.1626638
"365",365,NA,NA
"366",366,2.213749,46.227638
"367",367,-74.0059413,40.7127837
"368",368,-84.4277001,33.6407282
"369",369,-79.8342163,42.2156131
"370",370,-84.5037164,38.0405837
"371",371,-71.0183787,42.0834335
"372",372,-77.0418878,38.9081223
"373",373,-87.6297982,41.8781136
"374",374,-94.5785667,39.0997265
"375",375,-76.6121893,39.2903848
"376",376,-78.8783689,42.8864468
"377",377,-122.9381672,46.1381676
"378",378,-81.5157535,27.6648274
"379",379,-58.3815591,-34.6036844
"380",380,NA,NA
"381",381,-123.1052489,49.280016
"382",382,NA,NA
"383",383,24.96676,45.943161
"384",384,-84.3879824,33.7489954
"385",385,-94.7308248,38.9231911
"386",386,-71.4128343,41.8239891
"387",387,-122.0981848,47.9128756
"388",388,-0.0722785,51.6049674
"389",389,-73.9918181,40.7637581
"390",390,-90.0715323,29.9510658
"391",391,NA,NA
"392",392,104.195397,35.86166
"393",393,-77.0368707,38.9071923
"394",394,-96.7969879,32.7766642
"395",395,-6.2603097,53.3498053
"396",396,NA,NA
"397",397,-99.9018131,31.9685988
"398",398,-51.92528,-14.235004
"399",399,-73.6279618,45.5387743
"400",400,-87.8308522,33.6845539
"401",401,-85.6023643,44.3148443
"402",402,-79.9416549,42.167881
"403",403,-95.712891,37.09024
"404",404,-59.2643242,-29.1442242
"405",405,-75.1690942,44.5956163
"406",406,NA,NA
"407",407,-71.5723953,43.1938516
"408",408,-99.9018131,31.9685988
"409",409,NA,NA
"410",410,NA,NA
"411",411,-93.6091064,41.6005448
"412",412,-71.759794,42.5250906
"413",413,-82.9000751,32.1656221
"414",414,11.2486208,43.7710513
"415",415,-1.1743197,52.3555177
"416",416,-103.6610115,30.3584919
"417",417,-88.2120315,41.632223
"418",418,-99.1260267,19.292736
"419",419,-95.712891,37.09024
"420",420,-88.0398912,30.6953657
"421",421,-99.9018131,31.9685988
"422",422,31.2357116,30.0444196
"423",423,NA,NA
"424",424,99.1966559,61.0137097
"425",425,-96.7969879,32.7766642
"426",426,72.830582,18.9204555
"427",427,-74.1854209,40.8067546
"428",428,-117.5931084,34.1063989
"429",429,-0.141525,51.537551
"430",430,NA,NA
"431",431,NA,NA
"432",432,NA,NA
"433",433,-72.7562636,44.3378203
"434",434,-71.0588801,42.3600825
"435",435,-63.5677427,44.6652059
"436",436,-96.7969879,32.7766642
"437",437,-60.9496433,13.720608
"438",438,-98.4936282,29.4241219
"439",439,-119.1770516,34.1975048
"440",440,-117.8678338,33.7455731
"441",441,-73.935989,40.755182
"442",442,-117.8531119,33.7877944
"443",443,-4.6679959,55.3649698
"444",444,-104.8730088,39.8675693
"445",445,-79.0558445,35.9131996
"446",446,28.9783589,41.0082376
"447",447,-91.8942335,47.3825813
"448",448,-83.0363633,42.3149367
"449",449,-84.3879824,33.7489954
"450",450,-43.1728965,-22.9068467
"451",451,-87.5761371,41.7964546
"452",452,-118.2436849,34.0522342
"453",453,29.1739513,40.9498022
"454",454,-111.8314724,33.4151843
"455",455,-90.2613413,38.6412636
"456",456,-43.9344931,-19.9166813
"457",457,NA,NA
"458",458,-73.4742914,40.6806563
"459",459,-95.6010668,33.1384479
"460",460,-121.3716178,38.4087993
"461",461,-111.9738304,41.223
"462",462,-95.712891,37.09024
"463",463,-122.2913078,37.8271784
"464",464,-87.6297982,41.8781136
"465",465,-71.0095602,42.3656132
"466",466,NA,NA
"467",467,-112.0740373,33.4483771
"468",468,-96.7969879,32.7766642
"469",469,20.902977,42.6026359
"470",470,-3.435973,55.378051
"471",471,NA,NA
"472",472,NA,NA
"473",473,-111.0937311,34.0489281
"474",474,-94.3124116,30.3715975
"475",475,-74.0059413,40.7127837
"476",476,NA,NA
"477",477,-71.1367953,42.6583356
"478",478,-77.0469214,38.8048355
"479",479,-71.3824374,42.4072107
"480",480,-58.7030326,-34.479665
"481",481,120.9842195,14.5995124
"482",482,-78.5908345,36.3107004
"483",483,-71.1676536,42.2436085
"484",484,-96.8512063,32.8481029
"485",485,-86.7785458,36.1371081
"486",486,NA,NA
"487",487,-84.3685144,46.4676398
"488",488,-79.9958864,40.4406248
"489",489,-94.1265562,30.080174
"490",490,-71.512617,41.8205199
"491",491,-74.0059413,40.7127837
"492",492,-72.5215009,41.7759301
"493",493,-115.1398296,36.1699412
"494",494,-122.1686033,37.4226924
"495",495,-119.8595833,36.431061
"496",496,-120.7401386,47.7510741
"497",497,NA,NA
"498",498,-79.4156824,43.6642855
"499",499,NA,NA
"500",500,-81.5157535,27.6648274
"501",501,-120.6596156,35.2827524
"502",502,NA,NA
"503",503,-87.6297982,41.8781136
"504",504,-3.435973,55.378051
"505",505,-71.1989695,42.1943909
"506",506,-74.4056612,40.0583238
"507",507,-117.5664384,33.8752935
"508",508,-82.4571776,27.950575
"509",509,-122.4194155,37.7749295
"510",510,-83.8888647,43.5944677
"511",511,-117.1610838,32.715738
"512",512,NA,NA
"513",513,-16.7338211,28.1220604
"514",514,0.6200146,41.6175899
"515",515,-67.5827744,5.6614718
"516",516,-89.5181476,37.3058839
"517",517,-71.0588801,42.3600825
"518",518,-95.712891,37.09024
"519",519,-98.4842465,39.011902
"520",520,-96.7028312,33.0205401
"521",521,-95.3698028,29.7604267
"522",522,-73.9712488,40.7830603
"523",523,NA,NA
"524",524,-79.3535714,-3.9879753
"525",525,-71.3824374,42.4072107
"526",526,-117.1610838,32.715738
"527",527,-98.6783516,27.3067057
"528",528,-118.2436849,34.0522342
"529",529,-99.2880597,19.3631419
"530",530,-71.5723953,43.1938516
"531",531,-95.712891,37.09024
"532",532,-80.0320113,37.2826157
"533",533,-156.4549577,20.8876411
"534",534,-99.9018131,31.9685988
"535",535,-95.712891,37.09024
"536",536,NA,NA
"537",537,NA,NA
"538",538,-74.0059413,40.7127837
"539",539,-87.6297982,41.8781136
"540",540,11.5354214,45.5454787
"541",541,-118.3617443,34.0900091
"542",542,-116.419389,34.9592083
"543",543,-86.158068,39.768403
"544",544,-106.6700458,52.1332144
"545",545,-2.302568,51.746985
"546",546,NA,NA
"547",547,-74.7429384,40.2170534
"548",548,NA,NA
"549",549,-0.1277583,51.5073509
"550",550,-112.3679279,33.6292337
"551",551,-74.0059413,40.7127837
"552",552,-97.7340567,30.2849185
"553",553,-77.1945247,41.2033216
"554",554,NA,NA
"555",555,NA,NA
"556",556,NA,NA
"557",557,NA,NA
"558",558,-118.3286614,34.0928092
"559",559,-73.9516421,40.7470083
"560",560,-81.3792365,28.5383355
"561",561,-102.552784,23.634501
"562",562,-117.1610838,32.715738
"563",563,-73.9441579,40.6781784
"564",564,-95.712891,37.09024
"565",565,-111.9260519,33.4941704
"566",566,-122.0981848,47.9128756
"567",567,-90.0715323,29.9510658
"568",568,-111.3240522,34.2330278
"569",569,-82.1451096,34.9378962
"570",570,-119.4179324,36.778261
"571",571,-119.2290316,34.274646
"572",572,19.145136,51.919438
"573",573,-81.5157535,27.6648274
"574",574,-71.0588801,42.3600825
"575",575,-73.2519376,40.8212188
"576",576,NA,NA
"577",577,-96.7969879,32.7766642
"578",578,NA,NA
"579",579,-95.3698028,29.7604267
"580",580,-122.4395026,47.9982761
"581",581,-79.946967,36.0735529
"582",582,-120.609084,37.3477174
"583",583,-43.1728965,-22.9068467
"584",584,-91.1403196,30.4582829
"585",585,NA,NA
"586",586,-122.0651819,37.9100783
"587",587,NA,NA
"588",588,-87.9064736,43.0389025
"589",589,-118.1874853,33.9800233
"590",590,-95.3698028,29.7604267
"591",591,NA,NA
"592",592,-81.6943605,41.49932
"593",593,-111.0937311,34.0489281
"594",594,-82.907123,40.4172871
"595",595,-79.0192997,35.7595731
"596",596,-84.3333157,33.8296116
"597",597,-95.712891,37.09024
"598",598,-122.4077498,37.654656
"599",599,-95.712891,37.09024
"600",600,-119.4179324,36.778261
"601",601,-122.4194155,37.7749295
"602",602,-63.616672,-38.416097
"603",603,136.5085883,34.7302829
"604",604,-95.992775,36.1539816
"605",605,NA,NA
"606",606,-84.3879824,33.7489954
"607",607,-76.6246886,39.1626084
"608",608,-124.1562852,46.9736986
"609",609,-71.0588801,42.3600825
"610",610,-119.4179324,36.778261
"611",611,-51.1695824,-23.3044524
"612",612,-81.0295793,35.5316576
"613",613,-73.7948516,40.7282239
"614",614,NA,NA
"615",615,-122.1615759,37.4442013
"616",616,-0.4338963,52.1479731
"617",617,-3.1952233,58.9181129
"618",618,-78.6568942,37.4315734
"619",619,-98.05195,26.1703525
"620",620,-74.081518,40.8115403
"621",621,-118.2436849,34.0522342
"622",622,-98.7375911,37.6439071
"623",623,NA,NA
"624",624,NA,NA
"625",625,-3.435973,55.378051
"626",626,-95.712891,37.09024
"627",627,-80.3582261,27.2730492
"628",628,-77.5149969,43.0906186
"629",629,2.3522219,48.856614
"630",630,-86.158068,39.768403
"631",631,NA,NA
"632",632,-80.4549026,38.5976262
"633",633,-111.273225,47.503271
"634",634,-95.712891,37.09024
"635",635,-99.2650967,39.4380656
"636",636,-80.9530353,46.522099
"637",637,19.0295714,50.3264314
"638",638,-84.3879824,33.7489954
"639",639,-95.3698028,29.7604267
"640",640,NA,NA
"641",641,-73.9815337,40.7264773
"642",642,NA,NA
"643",643,-75.5276699,38.9108325
"644",644,-84.3879824,33.7489954
"645",645,-95.3698028,29.7604267
"646",646,-122.4194155,37.7749295
"647",647,-81.6943605,41.49932
"648",648,-87.6297982,41.8781136
"649",649,-80.1860091,25.8922514
"650",650,-71.3824374,42.4072107
"651",651,NA,NA
"652",652,-73.5142921,40.7259336
"653",653,NA,NA
"654",654,151.2144149,-33.8754399
"655",655,-79.9958864,40.4406248
"656",656,NA,NA
"657",657,-90.0489801,35.1495343
"658",658,4.3494366,51.9120668
"659",659,-105.0166498,39.613321
"660",660,-81.4646529,28.711647
"661",661,76.864378,30.693291
"662",662,-71.3161718,42.6334247
"663",663,-87.6297982,41.8781136
"664",664,-80.1917902,25.7616798
"665",665,-58.364641,-34.636595
"666",666,-96.6988856,33.0198431
"667",667,-94.7151865,39.0228485
"668",668,-97.9526035,30.3609069
"669",669,-81.6943605,41.49932
"670",670,-97.229298,32.9341893
"671",671,2.8424806,50.4359501
"672",672,-80.1917902,25.7616798
"673",673,-82.907123,40.4172871
"674",674,-91.9623327,30.9842977
"675",675,-76.3984537,39.5575832
"676",676,-96.7969879,32.7766642
"677",677,-86.1066526,39.6136578
"678",678,-71.0588801,42.3600825
"679",679,-79.9958864,40.4406248
"680",680,-97.5164276,35.4675602
"681",681,-111.0429339,45.6769979
"682",682,NA,NA
"683",683,-119.4179324,36.778261
"684",684,-82.7195451,28.2716755
"685",685,-91.9623327,30.9842977
"686",686,-96.3344068,30.627977
"687",687,-3.7033725,40.4162883
"688",688,46.6752957,24.7135517
"689",689,-96.7969879,32.7766642
"690",690,NA,NA
"691",691,-87.9196785,43.0405846
"692",692,-122.3172431,47.6142638
"693",693,-71.467566,42.7653662
"694",694,-111.0937311,34.0489281
"695",695,-74.0059413,40.7127837
"696",696,36.8219462,-1.2920659
"697",697,-73.9867329,40.7567217
"698",698,-117.688944,34.0122346
"699",699,-87.6297982,41.8781136
"700",700,-84.3879824,33.7489954
"701",701,-123.1207375,49.2827291
"702",702,-73.8648268,40.8447819
"703",703,-122.6764816,45.5230622
"704",704,-71.4378411,42.5792583
"705",705,-79.7919754,36.0726354
"706",706,-116.8161091,33.9289965
"707",707,-93.2986106,44.3139974
"708",708,-98.1421662,29.7066704
"709",709,-115.1398296,36.1699412
"710",710,-120.7401386,47.7510741
"711",711,-81.1025918,37.3662293
"712",712,-5.9844589,37.3890924
"713",713,-105.7820674,39.5500507
"714",714,-74.0059413,40.7127837
"715",715,-73.9941595,40.7368788
"716",716,-85.6023643,44.3148443
"717",717,-70.8226541,43.9653889
"718",718,-38.502304,-12.9730401
"719",719,-87.6297982,41.8781136
"720",720,NA,NA
"721",721,86.2028754,22.8045665
"722",722,-84.9877094,32.4609764
"723",723,NA,NA
"724",724,28.2292712,-25.7478676
"725",725,-85.617324,42.935047
"726",726,-95.712891,37.09024
"727",727,NA,NA
"728",728,NA,NA
"729",729,NA,NA
"730",730,NA,NA
"731",731,-74.0059413,40.7127837
"732",732,-87.6297982,41.8781136
"733",733,NA,NA
"734",734,NA,NA
"735",735,NA,NA
"736",736,-97.4867028,35.3395079
"737",737,-0.4344106,53.8416168
"738",738,-1.368989,51.824982
"739",739,-66.58973,6.42375
"740",740,-84.3879824,33.7489954
"741",741,-81.975299,28.1219473
"742",742,-111.6342993,33.2486638
"743",743,-4.251806,55.864237
"744",744,-73.8856987,40.8620404
"745",745,-118.2436849,34.0522342
"746",746,-74.0059413,40.7127837
"747",747,NA,NA
"748",748,-71.542969,-35.675147
"749",749,-93.097702,41.8780025
"750",750,-79.3339324,42.4795019
"751",751,144.963056,-37.813611
"752",752,NA,NA
"753",753,-46.6479086,-23.5680454
"754",754,-76.985557,42.8679836
"755",755,NA,NA
"756",756,-71.0588801,42.3600825
"757",757,-50.5991792,-21.9071574
"758",758,-8.4863157,51.8968917
"759",759,-96.7969879,32.7766642
"760",760,-61.3268535,-4.4420385
"761",761,-80.2213477,40.5169767
"762",762,-86.158068,39.768403
"763",763,-95.1902986,30.0575359
"764",764,-118.2923259,34.0531113
"765",765,-106.346771,56.130366
"766",766,78.471002,17.4436085
"767",767,-93.939947,29.8849504
"768",768,-95.712891,37.09024
"769",769,-73.9878926,40.7553478
"770",770,-118.2772773,34.0255823
"771",771,-74.0059413,40.7127837
"772",772,-74.9573908,40.0323338
"773",773,-95.712891,37.09024
"774",774,NA,NA
"775",775,NA,NA
"776",776,-87.9400657,41.9550296
"777",777,90.4125181,23.810332
"778",778,-77.4752667,38.7509488
"779",779,NA,NA
"780",780,-118.0683713,33.9807058
"781",781,-93.2009998,44.9374831
"782",782,-1.829833,52.4750743
"783",783,NA,NA
"784",784,NA,NA
"785",785,-84.3879824,33.7489954
"786",786,-95.712891,37.09024
"787",787,NA,NA
"788",788,NA,NA
"789",789,-82.546344,27.2669722
"790",790,NA,NA
"791",791,-111.9400054,33.4255104
"792",792,-79.0192997,35.7595731
"793",793,NA,NA
"794",794,-91.3855161,36.5797768
"795",795,-83.3597099,42.3580059
"796",796,-95.712891,37.09024
"797",797,-96.7969879,32.7766642
"798",798,-0.303742,51.461311
"799",799,-58.4302476,-34.7611823
"800",800,-3.7037902,40.4167754
"801",801,-71.3405513,44.077229
"802",802,-51.92528,-14.235004
"803",803,-81.1637245,33.836081
"804",804,-90.0489801,35.1495343
"805",805,-84.3879824,33.7489954
"806",806,NA,NA
"807",807,0.629653,41.617559
"808",808,-80.1917902,25.7616798
"809",809,174.885971,-40.900557
"810",810,NA,NA
"811",811,-80.1917902,25.7616798
"812",812,-93.7365549,30.0929879
"813",813,-76.4859544,44.2311717
"814",814,-90.5775911,41.5198511
"815",815,136.2091547,-30.0002315
"816",816,-94.6858998,46.729553
"817",817,-74.0059413,40.7127837
"818",818,-86.3442107,34.3614336
"819",819,-119.0592705,34.3541659
"820",820,-118.032844,33.9791793
"821",821,-119.4179324,36.778261
"822",822,-95.712891,37.09024
"823",823,144.8261797,-37.7760015
"824",824,21.2570307,45.7659345
"825",825,-90.1994042,38.6270025
"826",826,-112.0740373,33.4483771
"827",827,119.9856157,16.1505291
"828",828,NA,NA
"829",829,-117.9389526,34.0686208
"830",830,NA,NA
"831",831,-8.5448445,42.8782132
"832",832,NA,NA
"833",833,-123.3656444,48.4284207
"834",834,-71.0588801,42.3600825
"835",835,-6.106338,53.203327
"836",836,NA,NA
"837",837,-85.207229,12.865416
"838",838,-3.1952233,58.9181129
"839",839,-82.7873244,27.9094665
"840",840,-70.760349,43.0751946
"841",841,-95.3698028,29.7604267
"842",842,-80.6326916,25.5516034
"843",843,-95.712891,37.09024
"844",844,-71.2478251,42.0653812
"845",845,-95.3698028,29.7604267
"846",846,-79.3831843,43.653226
"847",847,-73.2612615,41.1408363
"848",848,-121.6608205,40.8823811
"849",849,-71.3824374,42.4072107
"850",850,-70.6692655,-33.4488897
"851",851,-84.4339711,42.2466185
"852",852,NA,NA
"853",853,-87.6297982,41.8781136
"854",854,-58.3815591,-34.6036844
"855",855,-46.666163,-23.562156
"856",856,-118.0152341,33.9055049
"857",857,-95.1057625,29.3780129
"858",858,-94.5785667,39.0997265
"859",859,-99.9018131,31.9685988
"860",860,-82.5748194,27.4989278
"861",861,NA,NA
"862",862,-92.4888303,30.5177349
"863",863,3.3792057,6.5243793
"864",864,-70.6672621,41.9584457
"865",865,-0.6962853,37.9975875
"866",866,-76.8867008,40.2731911
"867",867,-79.7919754,36.0726354
"868",868,-96.7969879,32.7766642
"869",869,-95.712891,37.09024
"870",870,-86.5263857,39.165325
"871",871,-71.042551,42.1619739
"872",872,-90.0489801,35.1495343
"873",873,-111.0937311,39.3209801
"874",874,-75.9268747,40.3356483
"875",875,-90.0715323,29.9510658
"876",876,-74.6166192,39.3822537
"877",877,-87.6297982,41.8781136
"878",878,-1.6441505,51.0949122
"879",879,NA,NA
"880",880,NA,NA
"881",881,-74.8983569,41.9676764
"882",882,-96.7969879,32.7766642
"883",883,-74.297333,4.570868
"884",884,NA,NA
"885",885,2.1734035,41.3850639
"886",886,-95.712891,37.09024
"887",887,-121.925317,37.456385
"888",888,-74.0915982,40.3968012
"889",889,NA,NA
"890",890,NA,NA
"891",891,-85.6023643,44.3148443
"892",892,-84.5120196,39.1031182
"893",893,-86.0280502,41.0383766
"894",894,-73.134961,40.789142
"895",895,-76.6412712,39.0457549
"896",896,-71.3161718,42.6334247
"897",897,NA,NA
"898",898,-1.61778,54.978252
"899",899,-91.8318334,35.20105
"900",900,NA,NA
"901",901,-91.6916417,41.3014077
"902",902,6.0838868,50.7753455
"903",903,-90.8529107,38.81144
"904",904,NA,NA
"905",905,-97.7159505,30.33276
"906",906,-94.23452,44.1042015
"907",907,NA,NA
"908",908,-118.2436849,34.0522342
"909",909,-117.9965082,34.1344278
"910",910,-97.9430674,29.8888845
"911",911,-95.712891,37.09024
"912",912,-75.1652215,39.9525839
"913",913,-82.4571776,27.950575
"914",914,NA,NA
"915",915,-119.8138027,39.5296329
"916",916,-78.898619,35.9940329
"917",917,-71.1061639,42.4184296
"918",918,-95.712891,37.09024
"919",919,3.9203198,6.8137971
"920",920,-71.2478251,42.0653812
"921",921,NA,NA
"922",922,78.96288,20.593684
"923",923,-77.6930602,43.2097837
"924",924,-55.765835,-32.522779
"925",925,-87.6297982,41.8781136
"926",926,120.9842195,14.5995124
"927",927,-97.7430608,30.267153
"928",928,-66.58973,6.42375
"929",929,-71.1097335,42.3736158
"930",930,-84.3879824,33.7489954
"931",931,-83.0457538,42.331427
"932",932,21.005859,44.016521
"933",933,-85.3232139,51.253775
"934",934,-97.1080656,32.735687
"935",935,NA,NA
"936",936,-96.7969879,32.7766642
"937",937,-105.5141639,39.8019322
"938",938,-43.1728965,-22.9068467
"939",939,-6.2603097,53.3498053
"940",940,14.7265875,48.2909348
"941",941,-84.3640829,33.7589188
"942",942,-86.7816016,36.1626638
"943",943,-71.0588801,42.3600825
"944",944,NA,NA
"945",945,-117.9992265,33.660297
"946",946,-74.0329499,40.6261638
"947",947,0.121817,52.205337
"948",948,NA,NA
"949",949,-85.6680863,42.9633599
"950",950,-71.3824374,42.4072107
"951",951,-117.1934732,32.7596781
"952",952,0.068161,51.655942
"953",953,NA,NA
"954",954,-112.0740373,33.4483771
"955",955,-86.902298,32.3182314
"956",956,NA,NA
"957",957,-95.712891,37.09024
"958",958,80.6480153,16.5061743
"959",959,NA,NA
"960",960,-3.7038322,40.4167515
"961",961,-111.6946475,40.2968979
"962",962,NA,NA
"963",963,NA,NA
"964",964,NA,NA
"965",965,-118.2436849,34.0522342
"966",966,NA,NA
"967",967,-87.657584,44.0886059
"968",968,-75.3878525,43.3447295
"969",969,-71.4216313,41.8279102
"970",970,-119.4179324,36.778261
"971",971,-118.372443,34.0653826
"972",972,-118.4750435,33.9975493
"973",973,-77.1945247,41.2033216
"974",974,-95.0000769,39.1168531
"975",975,-74.0059413,40.7127837
"976",976,151.2015649,-33.8662283
"977",977,NA,NA
"978",978,NA,NA
"979",979,-71.0588801,42.3600825
"980",980,-112.0740373,33.4483771
"981",981,-76.6412712,39.0457549
"982",982,-85.6602058,30.1588129
"983",983,-87.6301892,41.9055998
"984",984,NA,NA
"985",985,4.469936,50.503887
"986",986,-71.3824374,42.4072107
"987",987,NA,NA
"988",988,-73.9441579,40.6781784
"989",989,-97.330053,37.6871761
"990",990,7.0498442,4.815554
"991",991,-110.934377,32.250057
"992",992,-71.5870939,41.8326629
"993",993,-74.4056612,40.0583238
"994",994,-92.4888303,30.5177349
"995",995,-95.3698028,29.7604267
"996",996,-74.0059413,40.7127837
"997",997,-117.1610838,32.715738
"998",998,-118.4019409,34.0069062
"999",999,-85.7584557,38.2526647
"1000",1000,-99.2650967,39.4380656
"1001",1,NA,NA
"1002",2,-82.5723193,27.5214269
"1003",3,-8.224454,39.399872
"1004",4,6.1193157,49.6091904
"1005",5,-74.4056612,40.0583238
"1006",6,-43.1728965,-22.9068467
"1007",7,-80.2683571,26.6617635
"1008",8,-95.99153,36.156883
"1009",9,NA,NA
"1010",10,-119.4179324,36.778261
"1011",11,-118.2436849,34.0522342
"1012",12,-79.9958864,40.4406248
"1013",13,-70.2553259,43.661471
"1014",14,NA,NA
"1015",15,NA,NA
"1016",16,-83.1426559,39.9208626
"1017",17,-71.0588801,42.3600825
"1018",18,-122.3320708,47.6062095
"1019",19,NA,NA
"1020",20,NA,NA
"1021",21,NA,NA
"1022",22,-96.3699632,30.6743643
"1023",23,NA,NA
"1024",24,-85.207229,12.865416
"1025",25,-93.097702,41.8780025
"1026",26,-117.7946942,33.6839473
"1027",27,-115.1398296,36.1699412
"1028",28,-95.712891,37.09024
"1029",29,-111.9839965,33.3426673
"1030",30,NA,NA
"1031",31,-74.6166192,39.3822537
"1032",32,-82.907123,40.4172871
"1033",33,-71.4774291,41.5800945
"1034",34,-74.4056612,40.0583238
"1035",35,153.0618796,-26.3984745
"1036",36,-122.5950942,45.5897694
"1037",37,19.699024,48.669026
"1038",38,NA,NA
"1039",39,175.279253,-37.7870012
"1040",40,-92.5664305,35.1524783
"1041",41,-79.3831843,43.653226
"1042",42,-122.2913078,37.8271784
"1043",43,-118.2436849,34.0522342
"1044",44,NA,NA
"1045",45,-116.419389,34.9592083
"1046",46,-105.8700901,34.5199402
"1047",47,NA,NA
"1048",48,-116.419389,34.9592083
"1049",49,-70.6692655,-33.4488897
"1050",50,-75.2479061,40.4107964
"1051",51,-83.0457538,42.331427
"1052",52,NA,NA
"1053",53,-85.7584557,38.2526647
"1054",54,-74.123799,41.020129
"1055",55,NA,NA
"1056",56,-118.2436849,34.0522342
"1057",57,-96.7969879,32.7766642
"1058",58,-71.1097335,42.3736158
"1059",59,-111.0937311,39.3209801
"1060",60,NA,NA
"1061",61,-95.3698028,29.7604267
"1062",62,-77.0469214,38.8048355
"1063",63,-80.6326916,25.5516034
"1064",64,-93.2965809,44.9997064
"1065",65,-79.0192997,35.7595731
"1066",66,NA,NA
"1067",67,-79.9310512,32.7764749
"1068",68,-71.3824374,42.4072107
"1069",69,NA,NA
"1070",70,-122.4166041,37.7767964
"1071",71,-102.552784,23.634501
"1072",72,NA,NA
"1073",73,NA,NA
"1074",74,-71.0588801,42.3600825
"1075",75,NA,NA
"1076",76,3.5104537,6.6194131
"1077",77,-76.4750959,39.3425693
"1078",78,3.0175712,39.6952629
"1079",79,-0.1277583,51.5073509
"1080",80,-104.990251,39.7392358
"1081",81,-99.9018131,31.9685988
"1082",82,NA,NA
"1083",83,-86.7816016,36.1626638
"1084",84,-90.1153638,32.4618086
"1085",85,-118.2436849,34.0522342
"1086",86,-86.1586156,41.6619927
"1087",87,-87.8500644,13.3323464
"1088",88,-118.2436849,34.0522342
"1089",89,NA,NA
"1090",90,-79.3831843,43.653226
"1091",91,-74.0059413,40.7127837
"1092",92,-51.92528,-14.235004
"1093",93,-120.609084,37.3477174
"1094",94,-73.087749,41.6032207
"1095",95,-82.3534727,36.3134397
"1096",96,-117.9189742,33.8120918
"1097",97,-79.3831843,43.653226
"1098",98,-122.7134535,42.1987205
"1099",99,-51.92528,-14.235004
"1100",100,-95.712891,37.09024
"1101",101,-122.4194155,37.7749295
"1102",102,-119.4179324,36.778261
"1103",103,-82.2756468,27.9836329
"1104",104,-96.8236116,33.1506744
"1105",105,-99.9018131,31.9685988
"1106",106,-71.3824374,42.4072107
"1107",107,-74.0059413,40.7127837
"1108",108,NA,NA
"1109",109,NA,NA
"1110",110,-84.3640829,33.7589188
"1111",111,-71.102018,42.365854
"1112",112,153.1932534,-28.6104322
"1113",113,-0.52039,51.885644
"1114",114,-87.192136,14.0722751
"1115",115,-77.8561023,40.8121958
"1116",116,-121.2907796,37.9577016
"1117",117,-121.8374777,39.7284944
"1118",118,NA,NA
"1119",119,1.4821482,39.0200099
"1120",120,-80.1917902,25.7616798
"1121",121,-85.6680863,42.9633599
"1122",122,NA,NA
"1123",123,NA,NA
"1124",124,-120.7401386,47.7510741
"1125",125,-83.0449347,42.9205842
"1126",126,-71.8356271,42.1945385
"1127",127,-71.3824374,42.4072107
"1128",128,-77.0368707,38.9071923
"1129",129,-78.183406,-1.831239
"1130",130,-95.992775,36.1539816
"1131",131,NA,NA
"1132",132,-122.272747,37.8715926
"1133",133,-89.3985283,40.6331249
"1134",134,NA,NA
"1135",135,-92.0556795,29.8832629
"1136",136,-71.8052464,42.2378888
"1137",137,-99.133208,19.4326077
"1138",138,-118.2436849,34.0522342
"1139",139,-80.1917902,25.7616798
"1140",140,NA,NA
"1141",141,-90.0715323,29.9510658
"1142",142,-6.2817908,53.39907
"1143",143,-73.9474347,40.7758586
"1144",144,-122.2585399,37.8718992
"1145",145,-71.0588801,42.3600825
"1146",146,-70.9915997,42.4136428
"1147",147,-91.1403196,30.4582829
"1148",148,-3.435973,55.378051
"1149",149,-95.712891,37.09024
"1150",150,-78.9429329,43.8975446
"1151",151,-84.2940899,34.0753762
"1152",152,NA,NA
"1153",153,NA,NA
"1154",154,-81.0228331,29.2108147
"1155",155,-86.902298,32.3182314
"1156",156,-47.0626332,-22.9099384
"1157",157,-78.9657302,43.0216283
"1158",158,55.2707828,25.2048493
"1159",159,-81.6943605,41.49932
"1160",160,-80.8431267,35.2270869
"1161",161,-73.9867329,40.7567217
"1162",162,-117.1610838,32.715738
"1163",163,-3.435973,55.378051
"1164",164,-87.717711,42.0123318
"1165",165,-86.4596966,32.4640245
"1166",166,-84.2177136,39.0283966
"1167",167,-87.6297982,41.8781136
"1168",168,-82.9000751,32.1656221
"1169",169,-66.58973,6.42375
"1170",170,-99.9018131,31.9685988
"1171",171,35.233154,31.952162
"1172",172,-74.0059413,40.7127837
"1173",173,-2.997077,47.720529
"1174",174,-74.0059413,40.7127837
"1175",175,-43.9344931,-19.9166813
"1176",176,-97.5164276,35.4675602
"1177",177,2.3522219,48.856614
"1178",178,-71.0588801,42.3600825
"1179",179,-87.4711772,37.463507
"1180",180,NA,NA
"1181",181,NA,NA
"1182",182,-83.067965,40.2986724
"1183",183,17.7135014,44.2817486
"1184",184,-122.1686033,37.4226924
"1185",185,-84.3879824,33.7489954
"1186",186,NA,NA
"1187",187,-88.0191182,44.5198149
"1188",188,NA,NA
"1189",189,19.503304,47.162494
"1190",190,-95.3698028,29.7604267
"1191",191,-74.285247,40.350434
"1192",192,-74.3028485,40.6552819
"1193",193,NA,NA
"1194",194,-95.3698028,29.7604267
"1195",195,-77.2644152,41.2020171
"1196",196,-77.4360481,37.5407246
"1197",197,-89.5684312,42.9935911
"1198",198,-81.655651,30.3321838
"1199",199,-121.302728,38.5890723
"1200",200,-93.6319131,42.0307812
"1201",201,-78.216667,-7.85
"1202",202,-122.1750657,37.4200507
"1203",203,NA,NA
"1204",204,-58.2546051,-34.7206336
"1205",205,NA,NA
"1206",206,-93.097702,41.8780025
"1207",207,-76.9897278,38.8033178
"1208",208,-97.678896,30.5082551
"1209",209,NA,NA
"1210",210,-3.7037902,40.4167754
"1211",211,NA,NA
"1212",212,-122.2913078,37.8271784
"1213",213,-80.5899424,28.1726677
"1214",214,-0.1277583,51.5073509
"1215",215,-93.7501789,32.5251516
"1216",216,-71.0588801,42.3600825
"1217",217,-80.1611889,26.057506
"1218",218,-80.1912273,26.1372742
"1219",219,-84.367398,33.806131
"1220",220,-102.4107493,34.2331373
"1221",221,-91.075547,39.418126
"1222",222,-73.2519376,40.8212188
"1223",223,-62.2626627,3.7483614
"1224",224,102.2500868,2.189594
"1225",225,-95.3698028,29.7604267
"1226",226,-87.9196785,43.0405846
"1227",227,-2.094278,57.149717
"1228",228,-95.712891,37.09024
"1229",229,-71.0588801,42.3600825
"1230",230,-116.419389,34.9592083
"1231",231,NA,NA
"1232",232,NA,NA
"1233",233,-96.8236116,33.1506744
"1234",234,-1.829833,52.4750743
"1235",235,NA,NA
"1236",236,NA,NA
"1237",237,NA,NA
"1238",238,-119.1216176,35.3900079
"1239",239,-80.8431267,35.2270869
"1240",240,-76.4921829,38.9784453
"1241",241,-97.856109,27.5158689
"1242",242,-87.6297982,41.8781136
"1243",243,-71.3824374,42.4072107
"1244",244,-117.3511085,33.1625076
"1245",245,-88.8183872,33.4503998
"1246",246,-3.0025615,16.7665887
"1247",247,-111.9260519,33.4941704
"1248",248,-107.2902839,43.0759678
"1249",249,-118.2436849,34.0522342
"1250",250,-71.053109,42.293763
"1251",251,-99.133208,19.4326077
"1252",252,-0.3070078,51.5032186
"1253",253,-71.3824374,42.4072107
"1254",254,-80.8431267,35.2270869
"1255",255,-0.1580081,51.5143481
"1256",256,-73.9496212,40.7407432
"1257",257,-84.3879824,33.7489954
"1258",258,-118.2436849,34.0522342
"1259",259,NA,NA
"1260",260,-122.4194155,37.7749295
"1261",261,-73.9456686,40.780147
"1262",262,-81.3961338,30.2841224
"1263",263,-77.0368707,38.9071923
"1264",264,NA,NA
"1265",265,-5.54708,7.539989
"1266",266,-122.4194155,37.7749295
"1267",267,NA,NA
"1268",268,-111.0937311,39.3209801
"1269",269,-95.3698028,29.7604267
"1270",270,-71.7389091,42.5113334
"1271",271,-72.285215,18.971187
"1272",272,-43.1728965,-22.9068467
"1273",273,-82.7350514,28.2143574
"1274",274,-83.289567,30.8477872
"1275",275,-104.990251,39.7392358
"1276",276,NA,NA
"1277",277,-96.3324817,32.9751204
"1278",278,-81.0250784,34.9248667
"1279",279,-82.907123,40.4172871
"1280",280,-114.0530065,35.189443
"1281",281,-119.4179324,36.778261
"1282",282,NA,NA
"1283",283,NA,NA
"1284",284,-87.7317143,41.7309673
"1285",285,NA,NA
"1286",286,NA,NA
"1287",287,-76.2858726,36.8507689
"1288",288,-117.6119925,33.4269728
"1289",289,-71.3824374,42.4072107
"1290",290,-71.3824374,42.4072107
"1291",291,-96.7969879,32.7766642
"1292",292,-122.1430195,37.4418834
"1293",293,-118.2436849,34.0522342
"1294",294,-74.4056612,40.0583238
"1295",295,-71.041385,42.349255
"1296",296,-68.4323448,44.911707
"1297",297,-77.0368707,38.9071923
"1298",298,-71.5163049,42.1398577
"1299",299,-118.2114603,33.930293
"1300",300,-119.5540175,36.5138398
"1301",301,-74.0059413,40.7127837
"1302",302,-122.3502702,47.7862093
"1303",303,-81.6943605,41.49932
"1304",304,-119.4179324,36.778261
"1305",305,-81.5157535,27.6648274
"1306",306,NA,NA
"1307",307,NA,NA
"1308",308,-81.5474045,41.3735238
"1309",309,-83.9207392,35.9606384
"1310",310,-91.1403196,30.4582829
"1311",311,-117.1610838,32.715738
"1312",312,-85.6680863,42.9633599
"1313",313,-118.3406288,33.8358492
"1314",314,NA,NA
"1315",315,NA,NA
"1316",316,-96.9375051,33.1626193
"1317",317,-95.712891,37.09024
"1318",318,-70.162651,18.735693
"1319",319,-81.6892974,41.4967397
"1320",320,-73.959494,42.2146071
"1321",321,-83.4168702,41.156998
"1322",322,-84.3879824,33.7489954
"1323",323,-81.8691228,28.7391313
"1324",324,NA,NA
"1325",325,-86.158068,39.768403
"1326",326,-117.8131125,33.8886259
"1327",327,-98.172755,30.4366854
"1328",328,-93.2650108,44.977753
"1329",329,-97.6322639,35.5186678
"1330",330,-97.7430608,30.267153
"1331",331,-121.6219177,39.7596061
"1332",332,8.227512,46.818188
"1333",333,-123.4087692,47.0034291
"1334",334,NA,NA
"1335",335,10.451526,51.165691
"1336",336,-81.5157535,27.6648274
"1337",337,NA,NA
"1338",338,-95.3698028,29.7604267
"1339",339,NA,NA
"1340",340,-80.154351,26.050713
"1341",341,NA,NA
"1342",342,105.318756,61.52401
"1343",343,-74.297333,4.570868
"1344",344,-4.251806,55.864237
"1345",345,-74.5746001,39.2776156
"1346",346,-83.0432783,42.334167
"1347",347,-79.0192997,35.7595731
"1348",348,-80.1917902,25.7616798
"1349",349,-110.9559192,29.0729673
"1350",350,NA,NA
"1351",351,-75.1553506,39.9811932
"1352",352,-99.133208,19.4326077
"1353",353,NA,NA
"1354",354,24.7520991,59.4330014
"1355",355,4.4777325,51.9244201
"1356",356,-73.9889579,40.7570663
"1357",357,39.2083284,-6.792354
"1358",358,-84.3640829,33.7589188
"1359",359,NA,NA
"1360",360,-66.8564579,-29.4134538
"1361",361,26.4272464,59.2911767
"1362",362,-97.1060202,32.940444
"1363",363,-79.3370188,43.8561002
"1364",364,-95.4461714,29.625765
"1365",365,-95.357994,30.3332654
"1366",366,-77.7373582,37.9635374
"1367",367,-78.6568942,37.4315734
"1368",368,-95.408619,29.691297
"1369",369,-99.9018131,31.9685988
"1370",370,19.145136,51.919438
"1371",371,-95.4343859,29.0338575
"1372",372,-99.1905974,19.3723335
"1373",373,NA,NA
"1374",374,-71.9086843,42.245926
"1375",375,-71.0937013,42.2729836
"1376",376,NA,NA
"1377",377,-70.9036487,41.6376043
"1378",378,-102.552784,23.634501
"1379",379,23.7275388,37.9838096
"1380",380,NA,NA
"1381",381,NA,NA
"1382",382,NA,NA
"1383",383,-82.8176203,29.6132942
"1384",384,4.835659,45.764043
"1385",385,-88.2433829,40.1164204
"1386",386,-111.0937311,34.0489281
"1387",387,-86.7816016,36.1626638
"1388",388,NA,NA
"1389",389,-114.7420408,44.0682019
"1390",390,-118.6614809,34.1367208
"1391",391,27.2721457,61.6887271
"1392",392,-89.2476823,48.3808951
"1393",393,-74.0059413,40.7127837
"1394",394,15.2428853,-4.2633597
"1395",395,NA,NA
"1396",396,NA,NA
"1397",397,-71.0588801,42.3600825
"1398",398,-106.6700458,52.1332144
"1399",399,-0.1277583,51.5073509
"1400",400,-66.9036063,10.4805937
"1401",401,-66.9036063,10.4805937
"1402",402,-77.438898,43.214231
"1403",403,-74.0059413,40.7127837
"1404",404,2.3522219,48.856614
"1405",405,NA,NA
"1406",406,-84.3999382,33.7451604
"1407",407,100.5017651,13.7563309
"1408",408,-75.1652215,39.9525839
"1409",409,-96.7969879,32.7766642
"1410",410,-80.0767266,34.9682097
"1411",411,-91.1564961,30.6485191
"1412",412,-94.5318982,38.8119527
"1413",413,-72.6850932,41.7637111
"1414",414,-81.655651,30.3321838
"1415",415,-74.0059413,40.7127837
"1416",416,NA,NA
"1417",417,NA,NA
"1418",418,-73.2519376,40.8212188
"1419",419,-47.3337008,-22.7378203
"1420",420,31.0218404,-29.8586804
"1421",421,-92.4401869,38.511696
"1422",422,-71.3824374,42.4072107
"1423",423,-97.3470449,37.7305444
"1424",424,NA,NA
"1425",425,-73.8648268,40.8447819
"1426",426,-99.1393889,19.5458275
"1427",427,-122.2913078,37.8271784
"1428",428,NA,NA
"1429",429,-89.5352039,34.3638541
"1430",430,-127.6476206,53.7266683
"1431",431,35.243322,38.963745
"1432",432,20.4522144,54.7104264
"1433",433,-70.5906057,-33.6186082
"1434",434,-122.5189672,47.6279319
"1435",435,-73.956195,42.746684
"1436",436,-71.0994968,42.3875968
"1437",437,13.9848891,48.5063813
"1438",438,NA,NA
"1439",439,-73.0468735,40.8744658
"1440",440,-81.9495331,26.5628537
"1441",441,-77.0368707,38.9071923
"1442",442,-119.4179324,36.778261
"1443",443,-81.3792365,28.5383355
"1444",444,NA,NA
"1445",445,NA,NA
"1446",446,-71.0588801,42.3600825
"1447",447,-71.0588801,42.3600825
"1448",448,NA,NA
"1449",449,-74.0059413,40.7127837
"1450",450,-95.3698028,29.7604267
"1451",451,-85.0766113,33.5801103
"1452",452,-97.7430608,30.267153
"1453",453,NA,NA
"1454",454,-84.3453169,46.4952996
"1455",455,NA,NA
"1456",456,-89.6556353,36.1931245
"1457",457,-0.0856611,51.5155575
"1458",458,-79.0192997,35.7595731
"1459",459,-81.5157535,27.6648274
"1460",460,-74.0059413,40.7127837
"1461",461,-119.4179324,36.778261
"1462",462,-71,25
"1463",463,-85.207229,12.865416
"1464",464,-105.7820674,39.5500507
"1465",465,-96.5388789,33.0151201
"1466",466,-81.5157535,27.6648274
"1467",467,-119.2948008,34.2805878
"1468",468,-90.9562125,30.4868564
"1469",469,-40.3077898,-20.1215224
"1470",470,-73.9485424,40.744679
"1471",471,-71.0588801,42.3600825
"1472",472,-84.3879824,33.7489954
"1473",473,-87.9806265,42.0883603
"1474",474,-99.7861679,29.2096836
"1475",475,-95.5691126,29.0444147
"1476",476,-95.0924081,39.7888604
"1477",477,NA,NA
"1478",478,150.6336091,-33.5356513
"1479",479,-104.6840751,19.1953979
"1480",480,-76.605015,39.399865
"1481",481,-118.5214282,34.1517492
"1482",482,-86.8515279,21.161908
"1483",483,NA,NA
"1484",484,NA,NA
"1485",485,-111.0937311,39.3209801
"1486",486,-79.3831843,43.653226
"1487",487,-81.5157535,27.6648274
"1488",488,-71.0536625,42.40843
"1489",489,-82.0398218,41.3855048
"1490",490,-99.9018131,31.9685988
"1491",491,-91.1403196,30.4582829
"1492",492,-86.158068,39.768403
"1493",493,-79.532157,43.8169837
"1494",494,-75.3704579,40.6259316
"1495",495,NA,NA
"1496",496,-96.7969879,32.7766642
"1497",497,NA,NA
"1498",498,NA,NA
"1499",499,-83.9811014,34.1140497
"1500",500,-81.5157535,27.6648274
"1501",501,-71.4378411,42.5792583
"1502",502,-90.2092119,38.7902429
"1503",503,-122.1430195,37.4418834
"1504",504,-95.546668,30.0628387
"1505",505,-80.1373174,26.1224386
"1506",506,-73.134961,40.789142
"1507",507,-123.486364,43.487633
"1508",508,-118.2436849,34.0522342
"1509",509,-70.3975022,-23.6509279
"1510",510,NA,NA
"1511",511,-71.0588801,42.3600825
"1512",512,-0.1365486,51.5136143
"1513",513,-71.966462,41.3542656
"1514",514,-118.2436596,34.0522265
"1515",515,-77.6077865,37.3673217
"1516",516,-71.3466104,42.285214
"1517",517,-98.4936282,29.4241219
"1518",518,-8.4042526,39.6052067
"1519",519,0.5809365,50.8830123
"1520",520,-111.9710529,41.0602216
"1521",521,-90.188701,30.0006167
"1522",522,-66.9036063,10.4805937
"1523",523,-96.936371,30.1827159
"1524",524,-106.346771,56.130366
"1525",525,NA,NA
"1526",526,-95.712891,37.09024
"1527",527,NA,NA
"1528",528,-118.2436849,34.0522342
"1529",529,-80.7626152,41.5357732
"1530",530,-64.7242645,46.4722761
"1531",531,NA,NA
"1532",532,-84.3879824,33.7489954
"1533",533,-88.0118473,41.7435073
"1534",534,NA,NA
"1535",535,-77.1945247,41.2033216
"1536",536,-81.4709358,28.1573736
"1537",537,11.5819806,48.1351253
"1538",538,8.541694,47.3768866
"1539",539,-0.1277583,51.5073509
"1540",540,18.0685808,59.3293235
"1541",541,-82.4571776,27.950575
"1542",542,4.8951679,52.3702157
"1543",543,-75.0497448,39.9105176
"1544",544,-90.0715323,29.9510658
"1545",545,NA,NA
"1546",546,-82.40785,36.48111
"1547",547,NA,NA
"1548",548,NA,NA
"1549",549,-121.302728,38.5890723
"1550",550,NA,NA
"1551",551,-74.0120817,40.2203907
"1552",552,-95.6356734,29.9478567
"1553",553,-121.2438138,36.3207998
"1554",554,-71.4774291,41.5800945
"1555",555,-71.0588801,42.3600825
"1556",556,-71.0588801,42.3600825
"1557",557,NA,NA
"1558",558,1.261105,45.833619
"1559",559,-99.9018131,31.9685988
"1560",560,-122.4194155,37.7749295
"1561",561,-71.542969,-35.675147
"1562",562,-87.6297982,41.8781136
"1563",563,-117.9847692,34.0340037
"1564",564,-95.3698028,29.7604267
"1565",565,-84.1916069,39.7589478
"1566",566,-71.0588801,42.3600825
"1567",567,NA,NA
"1568",568,-80.1120313,26.6980852
"1569",569,12.56738,41.87194
"1570",570,31.03351,-17.8251657
"1571",571,-0.1585385,51.5237715
"1572",572,NA,NA
"1573",573,-98.4936282,29.4241219
"1574",574,-73.9964609,40.7295134
"1575",575,-123.2323686,46.8403765
"1576",576,-83.482116,42.3086444
"1577",577,-94.0154541,30.1316001
"1578",578,-71.7606293,42.4374156
"1579",579,NA,NA
"1580",580,-79.3831843,43.653226
"1581",581,NA,NA
"1582",582,-71.542969,-35.675147
"1583",583,-97.0150078,32.9545687
"1584",584,-74.297333,4.570868
"1585",585,-122.6067583,45.3573429
"1586",586,-71.3824374,42.4072107
"1587",587,NA,NA
"1588",588,-0.1601246,52.9451889
"1589",589,-84.5037164,38.0405837
"1590",590,-76.8149578,43.2206218
"1591",591,NA,NA
"1592",592,NA,NA
"1593",593,-72.5950225,42.1131661
"1594",594,-71.542969,-35.675147
"1595",595,NA,NA
"1596",596,NA,NA
"1597",597,NA,NA
"1598",598,-84.2700179,37.8393332
"1599",599,-87.7292172,41.9969557
"1600",600,-118.2436849,34.0522342
"1601",601,NA,NA
"1602",602,NA,NA
"1603",603,NA,NA
"1604",604,-66.58973,6.42375
"1605",605,-71.0782651,42.3473129
"1606",606,NA,NA
"1607",607,-99.9018131,43.9695148
"1608",608,-95.712891,37.09024
"1609",609,-97.092877,35.0077519
"1610",610,-72.6148117,42.0695391
"1611",611,-79.89342,43.2593375
"1612",612,-118.2436849,34.0522342
"1613",613,-84.5120196,39.1031182
"1614",614,-111.7924237,43.8231096
"1615",615,NA,NA
"1616",616,-71.0588801,42.3600825
"1617",617,NA,NA
"1618",618,-85.222184,39.3000511
"1619",619,-102.1312209,19.4164672
"1620",620,-121.2160526,37.7974273
"1621",621,-79.6876659,43.467517
"1622",622,-74.0059413,40.7127837
"1623",623,-110.926479,32.2217429
"1624",624,-96.7969879,32.7766642
"1625",625,-0.1202969,51.5123483
"1626",626,-122.2785772,37.8417771
"1627",627,-96.7298519,32.9483335
"1628",628,-86.8752869,40.4167022
"1629",629,-75.3365607,43.4836801
"1630",630,NA,NA
"1631",631,NA,NA
"1632",632,-0.3717471,51.8762646
"1633",633,-104.7964647,39.7901952
"1634",634,-78.8783689,42.8864468
"1635",635,150.9753181,-33.7291068
"1636",636,NA,NA
"1637",637,-87.6297982,41.8781136
"1638",638,-97.5086408,25.9434615
"1639",639,-0.1277583,51.5073509
"1640",640,-89.3985283,32.3546679
"1641",641,-113.4909267,53.544389
"1642",642,-119.7725868,36.7468422
"1643",643,-97.7277959,31.1171194
"1644",644,-95.3698028,29.7604267
"1645",645,NA,NA
"1646",646,-74.0059413,40.7127837
"1647",647,NA,NA
"1648",648,-58.3815591,-34.6036844
"1649",649,-77.0368707,38.9071923
"1650",650,-73.9202391,41.6002842
"1651",651,-111.0937311,34.0489281
"1652",652,32.966667,13.933333
"1653",653,-118.2436849,34.0522342
"1654",654,-3.435973,55.378051
"1655",655,-51.92528,-14.235004
"1656",656,-74.4056612,40.0583238
"1657",657,103.7618154,1.4853682
"1658",658,-86.39027,35.8456213
"1659",659,-81.5157535,27.6648274
"1660",660,-86.7535975,33.1028965
"1661",661,-91.9206505,44.9028713
"1662",662,-123.9695657,45.4605229
"1663",663,NA,NA
"1664",664,NA,NA
"1665",665,-71.0588801,42.3600825
"1666",666,-119.2920585,36.3302284
"1667",667,NA,NA
"1668",668,72.8776559,19.0759837
"1669",669,NA,NA
"1670",670,-117.163812,47.6366613
"1671",671,-82.9987942,39.9611755
"1672",672,55.166667,25.216667
"1673",673,-47.2089525,-23.0886496
"1674",674,-157.7394444,21.4022222
"1675",675,-77.0368707,38.9071923
"1676",676,113.921327,-0.789275
"1677",677,-74.0059413,40.7127837
"1678",678,NA,NA
"1679",679,-71.8022934,42.2625932
"1680",680,NA,NA
"1681",681,-96.8645856,32.7362591
"1682",682,-77.6109219,43.16103
"1683",683,NA,NA
"1684",684,-118.2436849,34.0522342
"1685",685,-75.1530106,39.941933
"1686",686,-71.0588801,42.3600825
"1687",687,NA,NA
"1688",688,-75.1652215,39.9525839
"1689",689,-66.9036063,10.4805937
"1690",690,-120.7401386,47.7510741
"1691",691,-97.856109,27.5158689
"1692",692,NA,NA
"1693",693,NA,NA
"1694",694,-78.6931094,35.7847986
"1695",695,-83.5202624,38.1229174
"1696",696,-98.2978951,26.0508406
"1697",697,-4.251806,55.864237
"1698",698,-94.4191177,39.2461138
"1699",699,-83.624201,32.6130007
"1700",700,NA,NA
"1701",701,-73.2519376,40.8212188
"1702",702,-95.992775,36.1539816
"1703",703,-51.92528,-14.235004
"1704",704,-2.13125,49.214439
"1705",705,NA,NA
"1706",706,-106.346771,56.130366
"1707",707,-97.5164276,35.4675602
"1708",708,NA,NA
"1709",709,12.56738,41.87194
"1710",710,-80.1917902,25.7616798
"1711",711,-105.8700901,34.5199402
"1712",712,-74.0059413,40.7127837
"1713",713,-95.712891,37.09024
"1714",714,-85.6023643,44.3148443
"1715",715,NA,NA
"1716",716,-99.9018131,31.9685988
"1717",717,NA,NA
"1718",718,-95.712891,37.09024
"1719",719,-78.7892229,36.7198459
"1720",720,-3.435973,55.378051
"1721",721,NA,NA
"1722",722,NA,NA
"1723",723,NA,NA
"1724",724,-123.0724139,49.3199816
"1725",725,-97.7430608,30.267153
"1726",726,NA,NA
"1727",727,12.56738,41.87194
"1728",728,72.7980048,21.1956915
"1729",729,NA,NA
"1730",730,-112.006882,40.3141169
"1731",731,-95.3698028,29.7604267
"1732",732,-83.0457538,42.331427
"1733",733,-106.346771,56.130366
"1734",734,-106.346771,56.130366
"1735",735,-114.7420408,44.0682019
"1736",736,-81.308083,28.4311577
"1737",737,-71.7147951,10.6544509
"1738",738,-73.9841161,40.7317696
"1739",739,-115.1398296,36.1699412
"1740",740,-115.1398296,36.1699412
"1741",741,NA,NA
"1742",742,-122.4499507,37.8003215
"1743",743,-71.0588801,42.3600825
"1744",744,-117.1817377,46.7297771
"1745",745,NA,NA
"1746",746,-99.133208,19.4326077
"1747",747,-76.6412712,39.0457549
"1748",748,-90.1003506,29.8993723
"1749",749,-71.4745881,42.0867608
"1750",750,NA,NA
"1751",751,-123.1207375,49.2827291
"1752",752,-74.0059413,40.7127837
"1753",753,-78.9744849,40.9941941
"1754",754,-51.92528,-14.235004
"1755",755,-79.9310512,32.7764749
"1756",756,-82.4571776,27.950575
"1757",757,-87.6931769,41.9104218
"1758",758,-79.2669619,36.0959715
"1759",759,-119.4179324,36.778261
"1760",760,NA,NA
"1761",761,-77.0368707,38.9071923
"1762",762,NA,NA
"1763",763,-74.0059413,40.7127837
"1764",764,-90.4225951,32.2593146
"1765",765,NA,NA
"1766",766,-4.251806,55.864237
"1767",767,-87.6297982,41.8781136
"1768",768,NA,NA
"1769",769,NA,NA
"1770",770,-73.2519376,40.8212188
"1771",771,NA,NA
"1772",772,-122.4076214,37.7699621
"1773",773,NA,NA
"1774",774,-69.4454689,45.253783
"1775",775,14.442176,45.3270631
"1776",776,-74.0059413,40.7127837
"1777",777,-97.3307658,32.7554883
"1778",778,-83.2320991,33.0801429
"1779",779,NA,NA
"1780",780,-79.532157,43.8169837
"1781",781,-85.3863599,40.1933767
"1782",782,NA,NA
"1783",783,NA,NA
"1784",784,NA,NA
"1785",785,-105.2705456,40.0149856
"1786",786,NA,NA
"1787",787,-96.7969879,32.7766642
"1788",788,-48.3242858,-10.249091
"1789",789,-81.0228331,29.2108147
"1790",790,-82.907123,40.4172871
"1791",791,NA,NA
"1792",792,77.3018829,28.5891405
"1793",793,139.754732,35.655152
"1794",794,36.8219462,-1.2920659
"1795",795,-118.3437757,34.0745721
"1796",796,-84.2807329,30.4382559
"1797",797,-43.9344931,-19.9166813
"1798",798,NA,NA
"1799",799,-71.396725,42.0834313
"1800",800,NA,NA
"1801",801,-71.0588801,42.3600825
"1802",802,-89.1705998,31.5343241
"1803",803,-84.3879824,33.7489954
"1804",804,-106.6630437,35.2327544
"1805",805,-6.2603097,53.3498053
"1806",806,28.9783589,41.0082376
"1807",807,-71.3128285,41.4901024
"1808",808,-73.2453824,42.4500845
"1809",809,-71.0588801,42.3600825
"1810",810,-4.0501505,43.3488503
"1811",811,-85.8663574,33.9981546
"1812",812,-1.890401,52.486243
"1813",813,-118.2436849,34.0522342
"1814",814,-74.0059413,40.7127837
"1815",815,-80.1021113,26.3749228
"1816",816,-70.8226541,43.9653889
"1817",817,-121.6169108,39.1404477
"1818",818,-74.5747248,40.8478065
"1819",819,-82.907123,40.4172871
"1820",820,-122.6764816,45.5230622
"1821",821,-74.0059413,40.7127837
"1822",822,-76.6412712,39.0457549
"1823",823,-90.01807,38.4916833
"1824",824,-115.4733551,35.0109911
"1825",825,NA,NA
"1826",826,NA,NA
"1827",827,-76.6121893,39.2903848
"1828",828,NA,NA
"1829",829,-95.712891,37.09024
"1830",830,-118.4389719,34.2819461
"1831",831,-111.0937311,34.0489281
"1832",832,-51.92528,-14.235004
"1833",833,-71.0588801,42.3600825
"1834",834,NA,NA
"1835",835,-86.5804473,35.5174913
"1836",836,-66.9036063,10.4805937
"1837",837,-82.4614831,28.1511243
"1838",838,NA,NA
"1839",839,NA,NA
"1840",840,NA,NA
"1841",841,-87.8211854,42.5847425
"1842",842,-118.2436849,34.0522342
"1843",843,-71.1097335,42.3736158
"1844",844,-125.4493906,49.6506376
"1845",845,-80.365865,26.190096
"1846",846,-80.347009,41.0036719
"1847",847,-83.9811014,34.1140497
"1848",848,NA,NA
"1849",849,-70.8226541,43.9653889
"1850",850,-97.7430608,30.267153
"1851",851,-118.2436849,34.0522342
"1852",852,NA,NA
"1853",853,-89.868226,21.013581
"1854",854,-78.8294768,42.7158927
"1855",855,-75.1652215,39.9525839
"1856",856,-95.4612625,30.1658207
"1857",857,NA,NA
"1858",858,-71.3824374,42.4072107
"1859",859,NA,NA
"1860",860,-72.5466486,42.1536301
"1861",861,NA,NA
"1862",862,NA,NA
"1863",863,12.4963655,41.9027835
"1864",864,-77.0368707,38.9071923
"1865",865,-84.3640829,33.7589188
"1866",866,NA,NA
"1867",867,-82.5306527,27.3364347
"1868",868,-43.1728965,-22.9068467
"1869",869,49.0660806,55.8304307
"1870",870,NA,NA
"1871",871,-50.9196623,-17.7927442
"1872",872,151.2092955,-33.8688197
"1873",873,-79.582694,36.2870877
"1874",874,-86.4808043,36.9685219
"1875",875,-80.326197,25.904799
"1876",876,-49.4683145,-29.035031
"1877",877,-81.8691228,28.7391313
"1878",878,NA,NA
"1879",879,NA,NA
"1880",880,-79.7919754,36.0726354
"1881",881,-84.3879824,33.7489954
"1882",882,-118.2436849,34.0522342
"1883",883,-75.1652215,39.9525839
"1884",884,NA,NA
"1885",885,-77.216339,38.927775
"1886",886,-71.0588801,42.3600825
"1887",887,-99.9018131,41.4925374
"1888",888,NA,NA
"1889",889,136.5085883,34.7302829
"1890",890,-105.7820674,39.5500507
"1891",891,-87.6297982,41.8781136
"1892",892,-87.6301892,41.9055998
"1893",893,-123.2328124,44.8483554
"1894",894,-71.067605,42.3016305
"1895",895,-95.712891,37.09024
"1896",896,-85.0078726,41.6323886
"1897",897,NA,NA
"1898",898,-118.2436849,34.0522342
"1899",899,4.4970097,52.1601144
"1900",900,-74.4056612,40.0583238
"1901",901,-84.7996573,33.3806716
"1902",902,NA,NA
"1903",903,NA,NA
"1904",904,-74.4056612,40.0583238
"1905",905,-71.4774291,41.5800945
"1906",906,NA,NA
"1907",907,-117.8376937,33.8246585
"1908",908,-74.0059413,40.7127837
"1909",909,-0.1277583,51.5073509
"1910",910,-97.396381,27.8005828
"1911",911,-73.5190579,40.6924734
"1912",912,NA,NA
"1913",913,-71.128062,42.390253
"1914",914,NA,NA
"1915",915,-74.297333,4.570868
"1916",916,NA,NA
"1917",917,NA,NA
"1918",918,-74.4056612,40.0583238
"1919",919,-96.859684,32.791889
"1920",920,-74.0059413,40.7127837
"1921",921,-80.6081089,28.0836269
"1922",922,-70.7284785,41.9932752
"1923",923,-71.542969,-35.675147
"1924",924,-85.5516098,42.6188637
"1925",925,-70.8226541,43.9653889
"1926",926,NA,NA
"1927",927,-84.3640829,33.7589188
"1928",928,-77.398767,37.204115
"1929",929,-111.9400054,33.4255104
"1930",930,-83.860493,33.5967091
"1931",931,-111.0937311,34.0489281
"1932",932,-2.1727481,52.6615371
"1933",933,-84.8766115,35.1595182
"1934",934,NA,NA
"1935",935,-99.9018131,31.9685988
"1936",936,-108.5506486,39.0638705
"1937",937,-96.7969879,32.7766642
"1938",938,-118.2436849,34.0522342
"1939",939,-34.8828969,-8.0578381
"1940",940,127.766922,35.907757
"1941",941,-77.017576,38.901048
"1942",942,-118.2436849,34.0522342
"1943",943,28.9783589,41.0082376
"1944",944,-79.8136446,35.7079146
"1945",945,-99.133208,19.4326077
"1946",946,24.938379,60.1698557
"1947",947,-80.6350681,35.0862583
"1948",948,-98.539144,29.5488614
"1949",949,-75.1162863,39.8917799
"1950",950,-79.532157,43.8169837
"1951",951,-84.5120196,39.1031182
"1952",952,-94.5493052,38.9237185
"1953",953,-76.8216818,42.0824348
"1954",954,-86.241905,15.199999
"1955",955,-122.3867537,47.5666668
"1956",956,-71.1828321,42.3709299
"1957",957,77.5945627,12.9715987
"1958",958,-85.601448,30.165532
"1959",959,-99.9018131,31.9685988
"1960",960,-71.5147839,42.0028761
"1961",961,-84.3879824,33.7489954
"1962",962,NA,NA
"1963",963,-69.4454689,45.253783
"1964",964,-88.1182923,41.501761
"1965",965,-97.0855361,32.9407362
"1966",966,72.8776559,19.0759837
"1967",967,-84.4324695,42.4514252
"1968",968,NA,NA
"1969",969,-95.3698028,29.7604267
"1970",970,-73.1856832,44.491438
"1971",971,-158.0832614,21.531894
"1972",972,-46.6291845,-23.5431786
"1973",973,-77.0368707,38.9071923
"1974",974,-118.2436849,34.0522342
"1975",975,-73.9202391,41.6002842
"1976",976,-95.712891,37.09024
"1977",977,-66.58973,6.42375
"1978",978,NA,NA
"1979",979,-66.58973,6.42375
"1980",980,-86.0928478,31.2736042
"1981",981,-73.087749,41.6032207
"1982",982,-95.712891,37.09024
"1983",983,-118.2436849,34.0522342
"1984",984,2.3522219,48.856614
"1985",985,-119.7725868,36.7468422
"1986",986,NA,NA
"1987",987,-104.990251,39.7392358
"1988",988,-84.1252243,41.3922726
"1989",989,NA,NA
"1990",990,-75.4257325,39.8648194
"1991",991,-117.9189742,33.8120918
"1992",992,NA,NA
"1993",993,-86.39027,35.8456213
"1994",994,-73.567256,45.5016889
"1995",995,NA,NA
"1996",996,-80.2870457,25.795865
"1997",997,-118.2436849,34.0522342
"1998",998,-84.3640829,33.7589188
"1999",999,-122.4194155,37.7749295
"2000",1000,2.213749,46.227638
"2001",1,-82.9679121,38.8768458
"2002",2,-118.2436849,34.0522342
"2003",3,-86.6542943,34.7113169
"2004",4,NA,NA
"2005",5,72.7980048,21.1956915
"2006",6,73.0931461,33.7293882
"2007",7,-70.1867227,43.8006208
"2008",8,-81.3961338,30.2841224
"2009",9,-105.084423,40.5852602
"2010",10,-75.0866155,38.327881
"2011",11,-71.2478251,42.0653812
"2012",12,-80.1917902,25.7616798
"2013",13,-0.5599501,51.3147593
"2014",14,-74.166188,40.007722
"2015",15,-84.2700179,37.8393332
"2016",16,-118.2436849,34.0522342
"2017",17,92.9375739,26.2006043
"2018",18,-95.712891,37.09024
"2019",19,-79.0192997,35.7595731
"2020",20,-70.880049,42.5584283
"2021",21,-73.9788248,40.7521501
"2022",22,78.486671,17.385044
"2023",23,-95.712891,37.09024
"2024",24,-93.097702,41.8780025
"2025",25,-85.7584557,38.2526647
"2026",26,-76.2710833,-12.2720956
"2027",27,-86.1349019,40.2671941
"2028",28,-86.1349019,40.2671941
"2029",29,NA,NA
"2030",30,-95.712891,37.09024
"2031",31,NA,NA
"2032",32,-95.712891,37.09024
"2033",33,-149.9002778,61.2180556
"2034",34,-66.9036063,10.4805937
"2035",35,-122.6716063,45.6318397
"2036",36,NA,NA
"2037",37,NA,NA
"2038",38,NA,NA
"2039",39,NA,NA
"2040",40,-76.6412712,39.0457549
"2041",41,NA,NA
"2042",42,-112.1251372,33.8543346
"2043",43,-81.0250784,34.9248667
"2044",44,-74.0059413,40.7127837
"2045",45,-83.0790865,42.8105356
"2046",46,-95.3698028,29.7604267
"2047",47,-111.6945906,40.2326322
"2048",48,-87.6297982,41.8781136
"2049",49,NA,NA
"2050",50,NA,NA
"2051",51,NA,NA
"2052",52,-75.1652215,39.9525839
"2053",53,-79.2468626,43.1593745
"2054",54,116.0648074,5.9690277
"2055",55,-95.3698028,29.7604267
"2056",56,-112.0740373,33.4483771
"2057",57,-86.1522663,39.930995
"2058",58,-84.2700179,37.8393332
"2059",59,NA,NA
"2060",60,-0.1277583,51.5073509
"2061",61,NA,NA
"2062",62,-99.9018131,31.9685988
"2063",63,-104.8771726,39.5807452
"2064",64,-97.9135355,29.8247201
"2065",65,-77.6109219,43.16103
"2066",66,-38.3001341,-12.8704981
"2067",67,NA,NA
"2068",68,-122.6764816,45.5230622
"2069",69,-80.8300853,35.2183206
"2070",70,13.404954,52.5200066
"2071",71,-71.4105538,41.8237896
"2072",72,-75.953067,45.813212
"2073",73,NA,NA
"2074",74,-99.2650804,34.1545306
"2075",75,-119.4179324,36.778261
"2076",76,-77.0469214,38.8048355
"2077",77,-80.1917902,25.7616798
"2078",78,-46.5336521,-23.4543148
"2079",79,-99.9018131,31.9685988
"2080",80,-84.3879824,33.7489954
"2081",81,-79.3831843,43.653226
"2082",82,-77.4874959,43.1086741
"2083",83,NA,NA
"2084",84,-117.1661449,33.1433723
"2085",85,-105.7820674,39.5500507
"2086",86,-71.3824374,42.4072107
"2087",87,3.3792057,6.5243793
"2088",88,NA,NA
"2089",89,-95.3698028,29.7604267
"2090",90,NA,NA
"2091",91,-0.30458,51.5119441
"2092",92,-71.3824374,42.4072107
"2093",93,-84.3879824,33.7489954
"2094",94,-81.7945616,28.1288598
"2095",95,-96.7969879,32.7766642
"2096",96,-91.5195542,30.4913049
"2097",97,-73.9920691,40.7546779
"2098",98,NA,NA
"2099",99,NA,NA
"2100",100,-71.0588801,42.3600825
"2101",101,-75.3868889,40.9254411
"2102",102,NA,NA
"2103",103,-95.712891,37.09024
"2104",104,-119.4179324,36.778261
"2105",105,-95.3698028,29.7604267
"2106",106,7.4165053,10.5104642
"2107",107,-98.4936282,29.4241219
"2108",108,NA,NA
"2109",109,-87.6297982,41.8781136
"2110",110,-71.0588801,42.3600825
"2111",111,NA,NA
"2112",112,13.404954,52.5200066
"2113",113,-89.4881766,43.0905641
"2114",114,116.487547,39.9844242
"2115",115,-118.0275667,34.0686206
"2116",116,NA,NA
"2117",117,-99.9018131,31.9685988
"2118",118,-95.712891,37.09024
"2119",119,-93.2650108,44.977753
"2120",120,-90.0715323,29.9510658
"2121",121,NA,NA
"2122",122,-96.6705503,33.1031744
"2123",123,NA,NA
"2124",124,-87.6297982,41.8781136
"2125",125,-96.7969879,32.7766642
"2126",126,-117.6508876,34.0633443
"2127",127,NA,NA
"2128",128,-95.712891,37.09024
"2129",129,-111.6585337,40.2338438
"2130",130,-44.5550308,-18.512178
"2131",131,-73.7698945,42.6052
"2132",132,NA,NA
"2133",133,NA,NA
"2134",134,-95.712891,37.09024
"2135",135,-70.8226541,43.9653889
"2136",136,-98.4936282,29.4241219
"2137",137,-83.6513229,41.3747744
"2138",138,NA,NA
"2139",139,138.252924,36.204824
"2140",140,-83.0457538,42.331427
"2141",141,NA,NA
"2142",142,-96.6388833,32.912624
"2143",143,-1.829833,52.4750743
"2144",144,-97.3307658,32.7554883
"2145",145,-83.9207392,35.9606384
"2146",146,-73.9441579,40.6781784
"2147",147,NA,NA
"2148",148,-81.4498717,37.2232316
"2149",149,NA,NA
"2150",150,NA,NA
"2151",151,-93.2222846,44.8847554
"2152",152,-90.0676696,29.9769268
"2153",153,-75.1652215,39.9525839
"2154",154,NA,NA
"2155",155,NA,NA
"2156",156,-94.5785667,39.0997265
"2157",157,NA,NA
"2158",158,-77.6109219,43.16103
"2159",159,4.608622,49.749133
"2160",160,25.748151,61.92411
"2161",161,-76.3067676,36.8855515
"2162",162,-104.990251,39.7392358
"2163",163,NA,NA
"2164",164,-71.0588801,42.3600825
"2165",165,-111.3873431,33.0314508
"2166",166,-119.4179324,36.778261
"2167",167,-81.8723084,26.640628
"2168",168,NA,NA
"2169",169,-122.6730556,45.5223418
"2170",170,-118.2436849,34.0522342
"2171",171,-119.4179324,36.778261
"2172",172,-80.1475583,41.7189447
"2173",173,-79.9192702,-1.9574839
"2174",174,-87.6297982,41.8781136
"2175",175,-122.1430195,37.4418834
"2176",176,-118.2436849,34.0522342
"2177",177,-117.2941632,34.1284221
"2178",178,NA,NA
"2179",179,-99.9018131,31.9685988
"2180",180,-0.1277583,51.5073509
"2181",181,-86.4808043,36.9685219
"2182",182,-85.7584557,38.2526647
"2183",183,-97.9413941,29.8832749
"2184",184,-78.6568942,37.4315734
"2185",185,1.419597,50.04887
"2186",186,-95.3698028,29.7604267
"2187",187,-75.6324112,41.4198027
"2188",188,-82.950845,42.600927
"2189",189,-116.2146068,43.6187102
"2190",190,-82.9000751,32.1656221
"2191",191,-84.4114395,33.7451812
"2192",192,NA,NA
"2193",193,-111.0937311,39.3209801
"2194",194,-95.712891,37.09024
"2195",195,-90.0715323,29.9510658
"2196",196,NA,NA
"2197",197,-67.824918,-9.9753837
"2198",198,-117.9189742,33.8120918
"2199",199,NA,NA
"2200",200,-82.5514869,35.5950581
"2201",201,-93.8349022,32.6926454
"2202",202,-74.0059413,40.7127837
"2203",203,-81.5157535,27.6648274
"2204",204,55.2707828,25.2048493
"2205",205,-116.173894,33.6803003
"2206",206,NA,NA
"2207",207,74.837876,32.72951
"2208",208,NA,NA
"2209",209,-87.6947699,41.5936453
"2210",210,-112.0740373,33.4483771
"2211",211,-71.0588801,42.3600825
"2212",212,-106.6630437,35.2327544
"2213",213,-71.4161671,41.7001009
"2214",214,-122.2170661,47.4828776
"2215",215,NA,NA
"2216",216,-90.441448,37.135176
"2217",217,-71.0588801,42.3600825
"2218",218,-47.2089525,-23.0886496
"2219",219,-87.2169149,30.421309
"2220",220,-83.8240663,34.2978794
"2221",221,-71.5642076,41.6885978
"2222",222,NA,NA
"2223",223,NA,NA
"2224",224,93.712433,27.966
"2225",225,-79.1725738,33.9047138
"2226",226,-83.9811014,34.1140497
"2227",227,NA,NA
"2228",228,-85.7584557,38.2526647
"2229",229,NA,NA
"2230",230,-76.7496909,38.8159473
"2231",231,NA,NA
"2232",232,NA,NA
"2233",233,-105.084423,40.5852602
"2234",234,-71.1626756,42.2797554
"2235",235,-119.4179324,36.778261
"2236",236,-119.4179324,36.778261
"2237",237,-76.4730122,37.0870821
"2238",238,NA,NA
"2239",239,NA,NA
"2240",240,-87.6297982,41.8781136
"2241",241,-87.6297982,41.8781136
"2242",242,-86.5804473,35.5174913
"2243",243,-91.8318334,35.20105
"2244",244,-85.6023643,44.3148443
"2245",245,NA,NA
"2246",246,-81.6943605,41.49932
"2247",247,-56.921099,-12.6818712
"2248",248,-106.346771,56.130366
"2249",249,77.0330481,26.7454967
"2250",250,-75.1652215,39.9525839
"2251",251,-81.6943605,41.49932
"2252",252,-80.4274363,37.165623
"2253",253,-87.5269704,37.9663316
"2254",254,NA,NA
"2255",255,-79.9310512,32.7764749
"2256",256,-111.0937311,34.0489281
"2257",257,-111.9400054,33.4255104
"2258",258,62.4504154,36.9481623
"2259",259,-79.3831843,43.653226
"2260",260,-86.2519898,41.6763545
"2261",261,-104.7091322,40.4233142
"2262",262,-72.5215009,41.7759301
"2263",263,NA,NA
"2264",264,-71.542969,-35.675147
"2265",265,55.2707828,25.2048493
"2266",266,NA,NA
"2267",267,-77.355413,25.0479835
"2268",268,NA,NA
"2269",269,NA,NA
"2270",270,NA,NA
"2271",271,-80.365865,26.190096
"2272",272,-71.4774291,41.5800945
"2273",273,NA,NA
"2274",274,-122.6764816,45.5230622
"2275",275,-71.3824374,42.4072107
"2276",276,-88.1182923,41.501761
"2277",277,19.145136,51.919438
"2278",278,-77.6128039,43.0592452
"2279",279,NA,NA
"2280",280,NA,NA
"2281",281,-105.7820674,39.5500507
"2282",282,-74.0059413,40.7127837
"2283",283,NA,NA
"2284",284,NA,NA
"2285",285,NA,NA
"2286",286,45.038189,40.069099
"2287",287,-3.74922,40.463667
"2288",288,-44.5550308,-18.512178
"2289",289,-89.3985283,40.6331249
"2290",290,NA,NA
"2291",291,-119.4179324,36.778261
"2292",292,-78.8289727,42.7167654
"2293",293,-95.3698028,29.7604267
"2294",294,-74.0059413,40.7127837
"2295",295,-79.3789193,43.6512115
"2296",296,-83.6468362,31.4718497
"2297",297,-66.590149,18.220833
"2298",298,NA,NA
"2299",299,-87.6297982,41.8781136
"2300",300,-71.3328331,42.0042655
"2301",301,-89.4311847,30.4692015
"2302",302,-134.515181,58.3365651
"2303",303,-78.6568942,37.4315734
"2304",304,-74.4056612,40.0583238
"2305",305,7.0115552,51.4556432
"2306",306,NA,NA
"2307",307,NA,NA
"2308",308,-77.5063739,37.665978
"2309",309,-86.6199957,36.3047735
"2310",310,-89.514593,43.0558895
"2311",311,-119.4179324,36.778261
"2312",312,-80.579511,35.4087517
"2313",313,NA,NA
"2314",314,NA,NA
"2315",315,-75.1662121,39.9093147
"2316",316,-79.2822491,35.2562684
"2317",317,-71.0588801,42.3600825
"2318",318,-118.40853,33.9415889
"2319",319,NA,NA
"2320",320,-96.3344068,30.627977
"2321",321,-118.2436849,34.0522342
"2322",322,-90.0489801,35.1495343
"2323",323,-97.2464071,19.5572354
"2324",324,NA,NA
"2325",325,-97.4091792,31.4440557
"2326",326,-63.616672,-38.416097
"2327",327,-75.5812119,6.244203
"2328",328,NA,NA
"2329",329,77.8252923,12.7409127
"2330",330,-79.1368259,35.0305707
"2331",331,-106.4850217,31.7618778
"2332",332,-92.919667,41.400595
"2333",333,151.2144149,-33.8754399
"2334",334,NA,NA
"2335",335,-81.6601279,38.6764777
"2336",336,-95.3698028,29.7604267
"2337",337,-82.445154,38.4192496
"2338",338,NA,NA
"2339",339,-71.9086843,42.245926
"2340",340,NA,NA
"2341",341,-90.0179436,35.1523208
"2342",342,-79.2468626,43.1593745
"2343",343,-76.6412712,39.0457549
"2344",344,NA,NA
"2345",345,-95.3698028,29.7604267
"2346",346,NA,NA
"2347",347,-95.1765978,29.9988306
"2348",348,-71.4774291,41.5800945
"2349",349,-79.9958864,40.4406248
"2350",350,-119.4179324,36.778261
"2351",351,-79.3831843,43.653226
"2352",352,-111.9260519,33.4941704
"2353",353,NA,NA
"2354",354,NA,NA
"2355",355,-80.1281373,25.855498
"2356",356,-8.4403573,40.2048286
"2357",357,-51.92528,-14.235004
"2358",358,-106.346771,56.130366
"2359",359,-74.0059413,40.7127837
"2360",360,-102.3676431,31.8456816
"2361",361,-78.5084937,45.0467132
"2362",362,2.3522219,48.856614
"2363",363,-70.9915997,42.4136428
"2364",364,NA,NA
"2365",365,-44.9331458,-21.9779646
"2366",366,-116.419389,34.9592083
"2367",367,-119.4179324,36.778261
"2368",368,NA,NA
"2369",369,-81.339552,41.6661573
"2370",370,13.404954,52.5200066
"2371",371,-1.1743197,52.3555177
"2372",372,-51.2176584,-30.0346471
"2373",373,-95.712891,37.09024
"2374",374,-43.1728965,-22.9068467
"2375",375,-95.3311652,29.6588431
"2376",376,-157.8583333,21.3069444
"2377",377,-66.590149,18.220833
"2378",378,-75.5993692,38.3606736
"2379",379,-76.2710833,-12.2720956
"2380",380,-122.2913078,37.8271784
"2381",381,-120.5542012,43.8041334
"2382",382,-123.1207375,49.2827291
"2383",383,-119.4179324,36.778261
"2384",384,-86.2288322,30.3960324
"2385",385,-83.9207392,35.9606384
"2386",386,-118.2436849,34.0522342
"2387",387,-110.3625658,46.8796822
"2388",388,-94.6858998,46.729553
"2389",389,-95.712891,37.09024
"2390",390,-95.3698028,29.7604267
"2391",391,-80.1917902,25.7616798
"2392",392,-89.761545,35.1598391
"2393",393,21.005859,44.016521
"2394",394,-80.1917902,25.7616798
"2395",395,-8.224454,39.399872
"2396",396,-106.346771,56.130366
"2397",397,-2.7021047,53.6823877
"2398",398,-119.4179324,36.778261
"2399",399,NA,NA
"2400",400,0.6673665,51.7659078
"2401",401,53.688046,32.427908
"2402",402,NA,NA
"2403",403,NA,NA
"2404",404,-96.9101806,19.5437751
"2405",405,80.3318736,26.449923
"2406",406,-101.5329438,39.7508287
"2407",407,-80.1373174,26.1224386
"2408",408,-37.681228,-9.2766863
"2409",409,-40.4425922,-16.519664
"2410",410,-0.0076589,51.4825766
"2411",411,-84.5691487,42.842256
"2412",412,NA,NA
"2413",413,-120.3453928,45.8740808
"2414",414,-101.7101722,39.350833
"2415",415,-118.3995194,33.8622366
"2416",416,-122.6764816,45.5230622
"2417",417,-105.7820674,39.5500507
"2418",418,-123.0867536,44.0520691
"2419",419,-84.3879824,33.7489954
"2420",420,-88.0622083,44.5013406
"2421",421,-1.759398,53.795984
"2422",422,27.255854,-25.6544483
"2423",423,-118.2436849,34.0522342
"2424",424,-74.0176381,40.2903891
"2425",425,-74.0059413,40.7127837
"2426",426,25.3929576,42.6194408
"2427",427,NA,NA
"2428",428,-88.7878678,43.7844397
"2429",429,-117.9289469,33.6189101
"2430",430,-71.0588801,42.3600825
"2431",431,-96.8236116,33.1506744
"2432",432,-95.712891,37.09024
"2433",433,-80.0181728,32.7993864
"2434",434,-82.3248262,29.6516344
"2435",435,-111.9260519,33.4941704
"2436",436,-95.712891,37.09024
"2437",437,-82.3248262,29.6516344
"2438",438,-84.3879824,33.7489954
"2439",439,-122.2913078,37.8271784
"2440",440,-97.5164276,35.4675602
"2441",441,-100.3161126,25.6866142
"2442",442,NA,NA
"2443",443,-3.1495175,56.2082078
"2444",444,-111.6585337,40.2338438
"2445",445,21.30299,46.194054
"2446",446,-83.9811014,34.1140497
"2447",447,-118.2436849,34.0522342
"2448",448,21.824312,39.074208
"2449",449,NA,NA
"2450",450,-107.9763233,36.7374496
"2451",451,7.6868565,45.070312
"2452",452,-74.4056612,40.0583238
"2453",453,2.213749,46.227638
"2454",454,-90.1994042,38.6270025
"2455",455,-122.2913078,37.8271784
"2456",456,-82.3940104,34.8526176
"2457",457,60.3414529,41.3895075
"2458",458,-79.7618035,34.0649253
"2459",459,-86.158068,39.768403
"2460",460,-92.0116863,37.408455
"2461",461,-82.7873244,27.9094665
"2462",462,9.385729,45.9382941
"2463",463,-80.8431267,35.2270869
"2464",464,-71.2478251,42.0653812
"2465",465,-83.3364386,42.4868455
"2466",466,-95.712891,37.09024
"2467",467,-35.882916,-7.219842
"2468",468,-97.3208492,32.5420821
"2469",469,-88.2774813,42.0978361
"2470",470,-73.9746494,40.7609595
"2471",471,-79.532157,43.8169837
"2472",472,-86.5804473,35.5174913
"2473",473,-90.0489801,35.1495343
"2474",474,-79.9958864,40.4406248
"2475",475,-86.80249,33.5206608
"2476",476,-158.2206477,21.4634328
"2477",477,-120.3086667,46.3773509
"2478",478,-75.1652215,39.9525839
"2479",479,-110.9559192,29.0729673
"2480",480,NA,NA
"2481",481,NA,NA
"2482",482,9.1859243,45.4654219
"2483",483,8.468946,60.472024
"2484",484,-109.7124043,23.0798696
"2485",485,-87.6297982,41.8781136
"2486",486,-122.4194155,37.7749295
"2487",487,-96.8042882,32.8083577
"2488",488,-81.6816219,30.3895428
"2489",489,-87.6297982,41.8781136
"2490",490,NA,NA
"2491",491,-70.8800187,42.0751892
"2492",492,-84.5613355,39.3995008
"2493",493,-122.2711137,37.8043637
"2494",494,-93.2650108,44.977753
"2495",495,-7.5898434,33.5731104
"2496",496,NA,NA
"2497",497,-84.5120196,39.1031182
"2498",498,NA,NA
"2499",499,-76.5660529,42.9317335
"2500",500,-85.6023643,44.3148443
"2501",501,-97.7430608,30.267153
"2502",502,NA,NA
"2503",503,NA,NA
"2504",504,-88.1227199,42.0629915
"2505",505,-71.566139,42.391736
"2506",506,-79.532157,43.8169837
"2507",507,-94.6858998,46.729553
"2508",508,-3.74922,40.463667
"2509",509,22.937506,-30.559482
"2510",510,-118.5357514,34.043951
"2511",511,NA,NA
"2512",512,-79.532157,43.8169837
"2513",513,3.0611177,50.6241808
"2514",514,-84.3640829,33.7589188
"2515",515,-80.1917902,25.7616798
"2516",516,-87.9196785,43.0405846
"2517",517,153.0120454,-27.4804984
"2518",518,-119.4179324,36.778261
"2519",519,-86.5804473,35.5174913
"2520",520,9.1248162,52.8453301
"2521",521,-1.4675216,52.2671353
"2522",522,-95.5171646,29.759951
"2523",523,-92.6293716,44.9005607
"2524",524,-123.1207375,49.2827291
"2525",525,-120.8958242,38.8375215
"2526",526,-99.9018131,31.9685988
"2527",527,-96.7969879,32.7766642
"2528",528,-122.2566367,38.1040864
"2529",529,-93.7574008,30.8485337
"2530",530,-82.1076486,41.3683798
"2531",531,-118.2436849,34.0522342
"2532",532,-111.9474866,40.6756445
"2533",533,51.3889736,35.6891975
"2534",534,-84.3879824,33.7489954
"2535",535,-77.0368707,38.9071923
"2536",536,8.541694,47.3768866
"2537",537,NA,NA
"2538",538,-71.0588801,42.3600825
"2539",539,-96.5388789,33.0151201
"2540",540,1.297355,52.6308859
"2541",541,-91.957391,38.5080888
"2542",542,NA,NA
"2543",543,-88.0111746,41.8089191
"2544",544,-76.4859544,44.2311717
"2545",545,NA,NA
"2546",546,44.219722,15.479167
"2547",547,-95.3656107,29.7601082
"2548",548,-73.9214274,40.7409452
"2549",549,-121.9808578,47.5778285
"2550",550,72.7980048,21.1956915
"2551",551,NA,NA
"2552",552,-95.3698028,29.7604267
"2553",553,139.754732,35.655152
"2554",554,-99.9018131,31.9685988
"2555",555,-83.0457538,42.331427
"2556",556,-71.3824374,42.4072107
"2557",557,-111.0937311,34.0489281
"2558",558,-104.195846,32.400126
"2559",559,-96.8236116,33.1506744
"2560",560,NA,NA
"2561",561,-84.4277001,33.6407282
"2562",562,-77.0368707,38.9071923
"2563",563,-90.9531574,30.5757431
"2564",564,-70.8226541,43.9653889
"2565",565,-113.4909267,53.544389
"2566",566,-120.7401386,47.7510741
"2567",567,NA,NA
"2568",568,-71.0588801,42.3600825
"2569",569,-70.9915997,42.4136428
"2570",570,-92.8103551,38.1380003
"2571",571,-120.5718719,38.4318551
"2572",572,-87.0641992,41.6105937
"2573",573,-4.193056,52.934281
"2574",574,NA,NA
"2575",575,-0.0201064,51.4446414
"2576",576,-86.3130247,32.3362956
"2577",577,-122.3097458,47.5948003
"2578",578,-79.3831843,43.653226
"2579",579,-74.0059413,40.7127837
"2580",580,-74.0059413,40.7127837
"2581",581,19.145136,51.919438
"2582",582,-71.3824374,42.4072107
"2583",583,-116.9535077,33.5284559
"2584",584,NA,NA
"2585",585,NA,NA
"2586",586,-95.3698028,29.7604267
"2587",587,-81.5157535,27.6648274
"2588",588,NA,NA
"2589",589,NA,NA
"2590",590,14.9998922,60.7303082
"2591",591,-43.1728965,-22.9068467
"2592",592,-77.0368707,38.9071923
"2593",593,-69.9298194,43.8922586
"2594",594,NA,NA
"2595",595,-86.902298,32.3182314
"2596",596,-111.9400054,33.4255104
"2597",597,-84.3640829,33.7589188
"2598",598,NA,NA
"2599",599,36.080026,-0.3030988
"2600",600,-122.286865,38.2975381
"2601",601,NA,NA
"2602",602,-125.2733354,50.0331226
"2603",603,-99.1712821,19.4121597
"2604",604,-84.3871494,33.758969
"2605",605,4.469936,50.503887
"2606",606,-73.742898,42.6425794
"2607",607,NA,NA
"2608",608,NA,NA
"2609",609,NA,NA
"2610",610,-84.3879824,33.7489954
"2611",611,NA,NA
"2612",612,-74.0059413,40.7127837
"2613",613,-71.0588801,42.3600825
"2614",614,NA,NA
"2615",615,-38.5266704,-3.7318616
"2616",616,NA,NA
"2617",617,NA,NA
"2618",618,-82.9226153,39.993591
"2619",619,-81.1606401,36.1459649
"2620",620,-97.7972544,32.7592955
"2621",621,-82.907123,40.4172871
"2622",622,NA,NA
"2623",623,NA,NA
"2624",624,-81.4959267,35.8484645
"2625",625,-88.1347927,41.9125286
"2626",626,-0.633389,45.744175
"2627",627,-79.7532779,37.2263933
"2628",628,-74.74655,41.8012001
"2629",629,NA,NA
"2630",630,-81.3792365,28.5383355
"2631",631,-79.0192997,35.7595731
"2632",632,-1.349736,50.609968
"2633",633,-84.2700179,37.8393332
"2634",634,-71.0588801,42.3600825
"2635",635,-84.3640829,33.7589188
"2636",636,-89.3747492,36.7758319
"2637",637,-81.9773482,36.7098335
"2638",638,-84.2700179,37.8393332
"2639",639,-71.0588801,42.3600825
"2640",640,-99.9018131,31.9685988
"2641",641,-118.2436849,34.0522342
"2642",642,-79.0192997,35.7595731
"2643",643,-117.9186689,33.6411316
"2644",644,-74.6627028,40.4676148
"2645",645,NA,NA
"2646",646,NA,NA
"2647",647,-73.567256,45.5016889
"2648",648,-111.9066784,40.5779592
"2649",649,-90.3045604,38.4700532
"2650",650,-81.5157535,27.6648274
"2651",651,-73.9912718,40.7607553
"2652",652,-71.5723953,43.1938516
"2653",653,-70.4367642,41.6172921
"2654",654,-99.133208,19.4326077
"2655",655,-41.7007272,-12.579738
"2656",656,-98.4936282,29.4241219
"2657",657,-71.0588801,42.3600825
"2658",658,-78.8689155,38.4495688
"2659",659,NA,NA
"2660",660,-73.9990269,40.372054
"2661",661,-71.2478251,42.0653812
"2662",662,-71.0588801,42.3600825
"2663",663,35.233154,31.952162
"2664",664,NA,NA
"2665",665,-114.0708459,51.0486151
"2666",666,-90.0715323,29.9510658
"2667",667,-81.9699972,34.9956099
"2668",668,-82.6373703,28.0528969
"2669",669,-111.8910474,40.7607793
"2670",670,-76.1152289,39.6048327
"2671",671,NA,NA
"2672",672,-80.186969,25.7814014
"2673",673,-118.2436849,34.0522342
"2674",674,-101.1947969,20.5549731
"2675",675,NA,NA
"2676",676,NA,NA
"2677",677,2.3522219,48.856614
"2678",678,-51.92528,-14.235004
"2679",679,-71.0588801,42.3600825
"2680",680,-71.566139,42.391736
"2681",681,-117.2552565,32.8533936
"2682",682,-120.5542012,43.8041334
"2683",683,NA,NA
"2684",684,-82.6578557,28.0364135
"2685",685,-84.8413056,33.9244531
"2686",686,-95.712891,37.09024
"2687",687,NA,NA
"2688",688,-75.1196199,39.9259463
"2689",689,-79.9414266,37.2709704
"2690",690,-71.0588801,42.3600825
"2691",691,-71.0588801,42.3600825
"2692",692,-71.0588801,42.3600825
"2693",693,-106.3250584,32.0000773
"2694",694,-71.761522,42.1920719
"2695",695,-84.1916069,39.7589478
"2696",696,NA,NA
"2697",697,-79.0611183,40.0577277
"2698",698,NA,NA
"2699",699,NA,NA
"2700",700,-107.8144772,37.6305177
"2701",701,NA,NA
"2702",702,-75.1652215,39.9525839
"2703",703,NA,NA
"2704",704,-122.8231915,47.0342629
"2705",705,14.332644,40.901975
"2706",706,-70.1515342,41.7020781
"2707",707,-119.4179324,36.778261
"2708",708,-71.0682388,42.3607878
"2709",709,-71.3161718,42.6334247
"2710",710,-122.2711137,37.8043637
"2711",711,NA,NA
"2712",712,-99.133208,19.4326077
"2713",713,NA,NA
"2714",714,-73.8623337,45.4560415
"2715",715,-85.768597,41.0006005
"2716",716,NA,NA
"2717",717,-0.1078746,51.5264898
"2718",718,-119.4179324,36.778261
"2719",719,-83.9787808,30.8365815
"2720",720,-117.8311428,33.7174708
"2721",721,NA,NA
"2722",722,-93.3603563,44.8713848
"2723",723,-111.0937311,34.0489281
"2724",724,-77.216339,38.927775
"2725",725,-119.4179324,36.778261
"2726",726,-3.8080783,53.0711149
"2727",727,-122.2913078,37.8271784
"2728",728,-80.7416223,35.4293124
"2729",729,NA,NA
"2730",730,-97.3208492,32.5420821
"2731",731,-95.3698028,29.7604267
"2732",732,-86.90708,40.140953
"2733",733,-102.4107493,34.2331373
"2734",734,-83.7430378,42.2808256
"2735",735,12.56738,41.87194
"2736",736,NA,NA
"2737",737,-39.1959729,-7.5993135
"2738",738,-89.3985283,40.6331249
"2739",739,-82.3892596,28.0352964
"2740",740,-117.0499859,32.8085507
"2741",741,-85.7228061,42.8122508
"2742",742,-80.9822286,43.3700007
"2743",743,-71.2478251,42.0653812
"2744",744,-70.8092163,43.0851662
"2745",745,-71.3824374,42.4072107
"2746",746,-74.0059413,40.7127837
"2747",747,-97.6752728,32.751138
"2748",748,-96.7969879,32.7766642
"2749",749,-118.2436849,34.0522342
"2750",750,-3.435973,55.378051
"2751",751,-81.4709358,28.1573736
"2752",752,-78.8783689,42.8864468
"2753",753,-73.2765361,41.7866294
"2754",754,-76.7802528,39.4195499
"2755",755,NA,NA
"2756",756,-102.4107493,34.2331373
"2757",757,-87.9922684,15.5149204
"2758",758,-117.7068412,33.4695832
"2759",759,-82.907123,40.4172871
"2760",760,-77.6109219,43.16103
"2761",761,NA,NA
"2762",762,-82.9937434,42.3502169
"2763",763,-90.5405795,41.4674517
"2764",764,54.3773438,24.453884
"2765",765,NA,NA
"2766",766,-3.435973,55.378051
"2767",767,-96.7969879,32.7766642
"2768",768,NA,NA
"2769",769,-121.7517702,36.7619511
"2770",770,-79.3831843,43.653226
"2771",771,-82.907123,40.4172871
"2772",772,-41.6809724,-14.1968614
"2773",773,-79.9958864,40.4406248
"2774",774,NA,NA
"2775",775,-87.771964,41.909611
"2776",776,-77.0368707,38.9071923
"2777",777,-117.1610838,32.715738
"2778",778,-96.9767023,37.6866844
"2779",779,NA,NA
"2780",780,-99.9018131,31.9685988
"2781",781,-122.6026274,47.1698197
"2782",782,-76.9758274,18.0193171
"2783",783,-47.4098328,-22.5836504
"2784",784,73.712479,24.585445
"2785",785,NA,NA
"2786",786,-84.4277001,33.6407282
"2787",787,-95.3268747,29.6912036
"2788",788,-3.435973,55.378051
"2789",789,NA,NA
"2790",790,-71.0588801,42.3600825
"2791",791,-85.1393513,41.079273
"2792",792,NA,NA
"2793",793,-122.6764816,45.5230622
"2794",794,1.0559289,12.1612846
"2795",795,-106.1020263,28.660437
"2796",796,-87.8328505,42.4461322
"2797",797,-90.0489801,35.1495343
"2798",798,-74.4851659,40.6049167
"2799",799,-94.2265117,42.7384177
"2800",800,-79.532157,43.8169837
"2801",801,-111.929658,40.5621704
"2802",802,-68.8458386,-32.8894587
"2803",803,-81.5157535,27.6648274
"2804",804,-78.7583432,37.8131025
"2805",805,-97.7430608,30.267153
"2806",806,-81.3444573,35.7344538
"2807",807,-121.6957863,37.931868
"2808",808,-99.2342196,39.4085122
"2809",809,NA,NA
"2810",810,-78.3908559,43.0964478
"2811",811,77.5928353,13.1021823
"2812",812,-118.1228476,34.0625106
"2813",813,-95.3698028,29.7604267
"2814",814,NA,NA
"2815",815,-84.3879824,33.7489954
"2816",816,-1.128462,53.52282
"2817",817,-97.3307658,32.7554883
"2818",818,-69.4454689,45.253783
"2819",819,-86.5163833,36.5817089
"2820",820,NA,NA
"2821",821,-155.5827818,19.8967662
"2822",822,-78.2452713,38.0340323
"2823",823,-84.028839,39.731067
"2824",824,-122.4194155,37.7749295
"2825",825,-100.9836611,25.43208
"2826",826,NA,NA
"2827",827,-80.365865,26.190096
"2828",828,NA,NA
"2829",829,NA,NA
"2830",830,-100.3161126,25.6866142
"2831",831,-113.4909267,53.544389
"2832",832,-90.256776,32.231676
"2833",833,-1.1743197,52.3555177
"2834",834,NA,NA
"2835",835,-96.9819507,32.7229096
"2836",836,-117.1483648,33.4936391
"2837",837,-94.3952022,31.9037814
"2838",838,-81.5157535,27.6648274
"2839",839,-2.236386,52.4492649
"2840",840,NA,NA
"2841",841,-91.5487714,40.9716959
"2842",842,-84.4493725,33.6534427
"2843",843,-73.2519376,40.8212188
"2844",844,-81.5157535,27.6648274
"2845",845,-77.0368707,38.9071923
"2846",846,-117.688944,34.0122346
"2847",847,14.550072,47.516231
"2848",848,NA,NA
"2849",849,NA,NA
"2850",850,110.8243272,-7.5754887
"2851",851,-84.2700179,37.8393332
"2852",852,73.8567437,18.5204303
"2853",853,-83.985,42.43472
"2854",854,NA,NA
"2855",855,-80.3244957,25.8650961
"2856",856,-95.3698028,29.7604267
"2857",857,-87.8819594,37.1092162
"2858",858,4.8951679,52.3702157
"2859",859,-74.4056612,40.0583238
"2860",860,-79.532157,43.8169837
"2861",861,-70.0827905,41.7600902
"2862",862,-120.5440391,38.4377698
"2863",863,-96.8170178,32.7146754
"2864",864,NA,NA
"2865",865,NA,NA
"2866",866,-73.4529124,44.6994873
"2867",867,NA,NA
"2868",868,-1.91483,53.259082
"2869",869,-71.7833551,42.7799279
"2870",870,-117.3961564,33.9533487
"2871",871,-76.8846956,40.2323122
"2872",872,-105.5141639,39.8019322
"2873",873,-2.58791,51.454513
"2874",874,-79.3831843,43.653226
"2875",875,NA,NA
"2876",876,-94.5785667,39.0997265
"2877",877,-114.7420408,44.0682019
"2878",878,NA,NA
"2879",879,-122.3320708,47.6062095
"2880",880,-76.6121893,39.2903848
"2881",881,NA,NA
"2882",882,-71.4372796,41.7798226
"2883",883,-74.0059413,40.7127837
"2884",884,-0.1934414,51.4911772
"2885",885,-80.0684479,26.6167555
"2886",886,-73.134961,40.789142
"2887",887,-99.9018131,31.9685988
"2888",888,-106.346771,56.130366
"2889",889,-96.8485308,32.5636793
"2890",890,-70.8967155,42.51954
"2891",891,NA,NA
"2892",892,-0.8897421,41.6488696
"2893",893,-85.6023643,44.3148443
"2894",894,-97.5164276,35.4675602
"2895",895,NA,NA
"2896",896,-95.712891,37.09024
"2897",897,NA,NA
"2898",898,-111.9013032,40.759236
"2899",899,-51.92528,-14.235004
"2900",900,NA,NA
"2901",901,-73.990229,40.7188374
"2902",902,135.7514114,35.0104252
"2903",903,NA,NA
"2904",904,-87.6297982,41.8781136
"2905",905,NA,NA
"2906",906,NA,NA
"2907",907,-84.5039697,38.0306511
"2908",908,-118.2436849,34.0522342
"2909",909,-74.0059413,40.7127837
"2910",910,NA,NA
"2911",911,-75.1652215,39.9525839
"2912",912,-87.6297982,41.8781136
"2913",913,-83.985,42.43472
"2914",914,-79.3831843,43.653226
"2915",915,-117.1610838,32.715738
"2916",916,-122.3320708,47.6062095
"2917",917,-90.0715323,29.9510658
"2918",918,NA,NA
"2919",919,-85.6668498,42.9282502
"2920",920,-82.9000751,32.1656221
"2921",921,-101.8551665,33.5778631
"2922",922,-82.3646068,41.4219889
"2923",923,-121.4943996,38.5815719
"2924",924,-96.7969879,32.7766642
"2925",925,-77.5734048,37.5843082
"2926",926,-95.3698028,29.7604267
"2927",927,-80.1917902,25.7616798
"2928",928,NA,NA
"2929",929,-91.1403196,30.4582829
"2930",930,-82.5436722,27.763383
"2931",931,-82.9987942,39.9611755
"2932",932,-96.7969879,32.7766642
"2933",933,-95.3698028,29.7604267
"2934",934,-117.7901088,33.7635422
"2935",935,-0.697894,51.360343
"2936",936,-102.4107493,34.2331373
"2937",937,-4.1426565,50.3754565
"2938",938,-8.1096142,54.653827
"2939",939,-118.6523096,34.1602832
"2940",940,-49.267137,-25.4289541
"2941",941,-74.4056612,40.0583238
"2942",942,-77.4752667,38.7509488
"2943",943,NA,NA
"2944",944,-99.9018131,31.9685988
"2945",945,NA,NA
"2946",946,-99.9018131,31.9685988
"2947",947,NA,NA
"2948",948,-81.6943605,41.49932
"2949",949,-71.0723391,42.5039395
"2950",950,12.4963655,41.9027835
"2951",951,-1.1743197,52.3555177
"2952",952,-93.6091064,41.6005448
"2953",953,8.675277,9.081999
"2954",954,-115.1398296,36.1699412
"2955",955,-85.7584557,38.2526647
"2956",956,-73.9746494,40.7609595
"2957",957,-95.712891,37.09024
"2958",958,-122.272747,37.8715926
"2959",959,-72.2222323,44.0639777
"2960",960,-84.0176904,33.6676103
"2961",961,-87.3050893,39.4607942
"2962",962,NA,NA
"2963",963,-77.0368707,38.9071923
"2964",964,-73.969863,40.750284
"2965",965,NA,NA
"2966",966,-74.0059413,40.7127837
"2967",967,NA,NA
"2968",968,-71.0247764,42.0950417
"2969",969,-94.5785667,39.0997265
"2970",970,NA,NA
"2971",971,-76.4777422,39.60455
"2972",972,-71.0095602,42.3656132
"2973",973,-70.4367642,41.6172921
"2974",974,-71.0588801,42.3600825
"2975",975,NA,NA
"2976",976,-50.2188556,-27.2423392
"2977",977,-51.92528,-14.235004
"2978",978,NA,NA
"2979",979,-84.4277001,33.6407282
"2980",980,-94.6858998,46.729553
"2981",981,-38.2314566,-6.7519382
"2982",982,NA,NA
"2983",983,-1.023194,7.946527
"2984",984,NA,NA
"2985",985,-78.8783689,42.8864468
"2986",986,-71.2643465,42.0909458
"2987",987,-110.3625658,46.8796822
"2988",988,7.4474468,46.9479739
"2989",989,-0.1277583,51.5073509
"2990",990,-72.8676033,40.8014876
"2991",991,NA,NA
"2992",992,-43.1728965,-22.9068467
"2993",993,-43.1728965,-22.9068467
"2994",994,-88.268316,49.0157351
"2995",995,-121.3635951,38.5739951
"2996",996,NA,NA
"2997",997,-1.1743197,52.3555177
"2998",998,-118.6614809,34.1367208
"2999",999,-95.712891,37.09024
"3000",1000,-94.2162152,36.3628451
