"","lonlat","Freq","lon","lat"
"1","-0.0076589 51.4825766",1,"-0.0076589","51.4825766"
"2","-0.0201064 51.4446414",1,"-0.0201064","51.4446414"
"3","-0.0722785 51.6049674",1,"-0.0722785","51.6049674"
"4","-0.0856611 51.5155575",1,"-0.0856611","51.5155575"
"5","-0.1078746 51.5264898",1,"-0.1078746","51.5264898"
"6","-0.1202969 51.5123483",1,"-0.1202969","51.5123483"
"7","-0.1277583 51.5073509",10,"-0.1277583","51.5073509"
"8","-0.1365486 51.5136143",1,"-0.1365486","51.5136143"
"9","-0.141525 51.537551",1,"-0.141525","51.537551"
"10","-0.1580081 51.5143481",1,"-0.1580081","51.5143481"
"11","-0.1585385 51.5237715",1,"-0.1585385","51.5237715"
"12","-0.1601246 52.9451889",1,"-0.1601246","52.9451889"
"13","-0.1934414 51.4911772",1,"-0.1934414","51.4911772"
"14","-0.303742 51.461311",1,"-0.303742","51.461311"
"15","-0.30458 51.5119441",1,"-0.30458","51.5119441"
"16","-0.3070078 51.5032186",1,"-0.3070078","51.5032186"
"17","-0.3717471 51.8762646",1,"-0.3717471","51.8762646"
"18","-0.4338963 52.1479731",1,"-0.4338963","52.1479731"
"19","-0.4344106 53.8416168",1,"-0.4344106","53.8416168"
"20","-0.52039 51.885644",1,"-0.52039","51.885644"
"21","-0.5599501 51.3147593",1,"-0.5599501","51.3147593"
"22","-0.633389 45.744175",1,"-0.633389","45.744175"
"23","-0.6962853 37.9975875",1,"-0.6962853","37.9975875"
"24","-0.697894 51.360343",1,"-0.697894","51.360343"
"25","-0.8094705 51.8137073",1,"-0.8094705","51.8137073"
"26","-0.8897421 41.6488696",1,"-0.8897421","41.6488696"
"27","-1.023194 7.946527",1,"-1.023194","7.946527"
"28","-1.128462 53.52282",1,"-1.128462","53.52282"
"29","-1.1743197 52.3555177",7,"-1.1743197","52.3555177"
"30","-1.349736 50.609968",2,"-1.349736","50.609968"
"31","-1.368989 51.824982",1,"-1.368989","51.824982"
"32","-1.4675216 52.2671353",1,"-1.4675216","52.2671353"
"33","-1.61778 54.978252",1,"-1.61778","54.978252"
"34","-1.6441505 51.0949122",1,"-1.6441505","51.0949122"
"35","-1.759398 53.795984",1,"-1.759398","53.795984"
"36","-1.829833 52.4750743",3,"-1.829833","52.4750743"
"37","-1.890401 52.486243",1,"-1.890401","52.486243"
"38","-1.91483 53.259082",1,"-1.91483","53.259082"
"39","-100.3161126 25.6866142",2,"-100.3161126","25.6866142"
"40","-100.4995214 28.7091433",1,"-100.4995214","28.7091433"
"41","-100.9836611 25.43208",1,"-100.9836611","25.43208"
"42","-101.1947969 20.5549731",1,"-101.1947969","20.5549731"
"43","-101.5329438 39.7508287",1,"-101.5329438","39.7508287"
"44","-101.7101722 39.350833",1,"-101.7101722","39.350833"
"45","-101.8551665 33.5778631",1,"-101.8551665","33.5778631"
"46","-102.0779146 31.9973456",1,"-102.0779146","31.9973456"
"47","-102.1312209 19.4164672",1,"-102.1312209","19.4164672"
"48","-102.3676431 31.8456816",1,"-102.3676431","31.8456816"
"49","-102.4107493 34.2331373",6,"-102.4107493","34.2331373"
"50","-102.552784 23.634501",3,"-102.552784","23.634501"
"51","-103.6610115 30.3584919",1,"-103.6610115","30.3584919"
"52","-104.195846 32.400126",1,"-104.195846","32.400126"
"53","-104.6840751 19.1953979",1,"-104.6840751","19.1953979"
"54","-104.7091322 40.4233142",1,"-104.7091322","40.4233142"
"55","-104.7964647 39.7901952",1,"-104.7964647","39.7901952"
"56","-104.8560902 39.3722121",1,"-104.8560902","39.3722121"
"57","-104.8730088 39.8675693",1,"-104.8730088","39.8675693"
"58","-104.8771726 39.5807452",1,"-104.8771726","39.5807452"
"59","-104.990251 39.7392358",5,"-104.990251","39.7392358"
"60","-105.0166498 39.613321",1,"-105.0166498","39.613321"
"61","-105.0372046 39.8366528",1,"-105.0372046","39.8366528"
"62","-105.084423 40.5852602",2,"-105.084423","40.5852602"
"63","-105.2705456 40.0149856",1,"-105.2705456","40.0149856"
"64","-105.5141639 39.8019322",2,"-105.5141639","39.8019322"
"65","-105.7820674 39.5500507",6,"-105.7820674","39.5500507"
"66","-105.8700901 34.5199402",2,"-105.8700901","34.5199402"
"67","-106.1020263 28.660437",1,"-106.1020263","28.660437"
"68","-106.3250584 32.0000773",1,"-106.3250584","32.0000773"
"69","-106.346771 56.130366",10,"-106.346771","56.130366"
"70","-106.4850217 31.7618778",1,"-106.4850217","31.7618778"
"71","-106.6630437 35.2327544",2,"-106.6630437","35.2327544"
"72","-106.6700458 52.1332144",2,"-106.6700458","52.1332144"
"73","-107.2902839 43.0759678",1,"-107.2902839","43.0759678"
"74","-107.8144772 37.6305177",1,"-107.8144772","37.6305177"
"75","-107.9763233 36.7374496",1,"-107.9763233","36.7374496"
"76","-108.5506486 39.0638705",1,"-108.5506486","39.0638705"
"77","-109.7124043 23.0798696",1,"-109.7124043","23.0798696"
"78","-110.3625658 46.8796822",2,"-110.3625658","46.8796822"
"79","-110.926479 32.2217429",2,"-110.926479","32.2217429"
"80","-110.934377 32.250057",1,"-110.934377","32.250057"
"81","-110.9559192 29.0729673",2,"-110.9559192","29.0729673"
"82","-111.0429339 45.6769979",1,"-111.0429339","45.6769979"
"83","-111.0937311 34.0489281",10,"-111.0937311","34.0489281"
"84","-111.0937311 39.3209801",5,"-111.0937311","39.3209801"
"85","-111.273225 47.503271",1,"-111.273225","47.503271"
"86","-111.2833449 47.4941836",1,"-111.2833449","47.4941836"
"87","-111.3240522 34.2330278",1,"-111.3240522","34.2330278"
"88","-111.3873431 33.0314508",1,"-111.3873431","33.0314508"
"89","-111.6342993 33.2486638",1,"-111.6342993","33.2486638"
"90","-111.6585337 40.2338438",2,"-111.6585337","40.2338438"
"91","-111.6945906 40.2326322",1,"-111.6945906","40.2326322"
"92","-111.6946475 40.2968979",1,"-111.6946475","40.2968979"
"93","-111.7924237 43.8231096",1,"-111.7924237","43.8231096"
"94","-111.8109439 33.3303713",1,"-111.8109439","33.3303713"
"95","-111.8314724 33.4151843",1,"-111.8314724","33.4151843"
"96","-111.8910474 40.7607793",1,"-111.8910474","40.7607793"
"97","-111.892748 40.912639",1,"-111.892748","40.912639"
"98","-111.9013032 40.759236",1,"-111.9013032","40.759236"
"99","-111.9066784 40.5779592",1,"-111.9066784","40.5779592"
"100","-111.9260519 33.4941704",4,"-111.9260519","33.4941704"
"101","-111.929658 40.5621704",1,"-111.929658","40.5621704"
"102","-111.9400054 33.4255104",4,"-111.9400054","33.4255104"
"103","-111.9474866 40.6756445",1,"-111.9474866","40.6756445"
"104","-111.9710529 41.0602216",1,"-111.9710529","41.0602216"
"105","-111.9738304 41.223",1,"-111.9738304","41.223"
"106","-111.9839965 33.3426673",1,"-111.9839965","33.3426673"
"107","-112.006882 40.3141169",1,"-112.006882","40.3141169"
"108","-112.0740373 33.4483771",6,"-112.0740373","33.4483771"
"109","-112.1251372 33.8543346",1,"-112.1251372","33.8543346"
"110","-112.1691424 36.0581214",1,"-112.1691424","36.0581214"
"111","-112.2373779 33.5805955",1,"-112.2373779","33.5805955"
"112","-112.315721 34.6100243",1,"-112.315721","34.6100243"
"113","-112.3679279 33.6292337",1,"-112.3679279","33.6292337"
"114","-113.4909267 53.544389",3,"-113.4909267","53.544389"
"115","-114.0530065 35.189443",1,"-114.0530065","35.189443"
"116","-114.0708459 51.0486151",1,"-114.0708459","51.0486151"
"117","-114.7420408 44.0682019",4,"-114.7420408","44.0682019"
"118","-115.1398296 36.1699412",7,"-115.1398296","36.1699412"
"119","-115.4733551 35.0109911",1,"-115.4733551","35.0109911"
"120","-116.173894 33.6803003",1,"-116.173894","33.6803003"
"121","-116.2146068 43.6187102",1,"-116.2146068","43.6187102"
"122","-116.419389 34.9592083",5,"-116.419389","34.9592083"
"123","-116.8161091 33.9289965",1,"-116.8161091","33.9289965"
"124","-116.9535077 33.5284559",1,"-116.9535077","33.5284559"
"125","-117.0499859 32.8085507",1,"-117.0499859","32.8085507"
"126","-117.1483648 33.4936391",1,"-117.1483648","33.4936391"
"127","-117.1610838 32.715738",11,"-117.1610838","32.715738"
"128","-117.163812 47.6366613",1,"-117.163812","47.6366613"
"129","-117.1661449 33.1433723",1,"-117.1661449","33.1433723"
"130","-117.1817377 46.7297771",1,"-117.1817377","46.7297771"
"131","-117.1934732 32.7596781",1,"-117.1934732","32.7596781"
"132","-117.2286478 33.7825194",1,"-117.2286478","33.7825194"
"133","-117.2552565 32.8533936",1,"-117.2552565","32.8533936"
"134","-117.2941632 34.1284221",1,"-117.2941632","34.1284221"
"135","-117.3511085 33.1625076",1,"-117.3511085","33.1625076"
"136","-117.3961564 33.9533487",1,"-117.3961564","33.9533487"
"137","-117.5664384 33.8752935",1,"-117.5664384","33.8752935"
"138","-117.5931084 34.1063989",1,"-117.5931084","34.1063989"
"139","-117.6119925 33.4269728",1,"-117.6119925","33.4269728"
"140","-117.6508876 34.0633443",2,"-117.6508876","34.0633443"
"141","-117.688944 34.0122346",2,"-117.688944","34.0122346"
"142","-117.7068412 33.4695832",1,"-117.7068412","33.4695832"
"143","-117.7901088 33.7635422",1,"-117.7901088","33.7635422"
"144","-117.7946942 33.6839473",1,"-117.7946942","33.6839473"
"145","-117.8131125 33.8886259",1,"-117.8131125","33.8886259"
"146","-117.8311428 33.7174708",1,"-117.8311428","33.7174708"
"147","-117.8376937 33.8246585",1,"-117.8376937","33.8246585"
"148","-117.8531119 33.7877944",1,"-117.8531119","33.7877944"
"149","-117.8678338 33.7455731",1,"-117.8678338","33.7455731"
"150","-117.9186689 33.6411316",1,"-117.9186689","33.6411316"
"151","-117.9189742 33.8120918",3,"-117.9189742","33.8120918"
"152","-117.9289469 33.6189101",1,"-117.9289469","33.6189101"
"153","-117.9389526 34.0686208",1,"-117.9389526","34.0686208"
"154","-117.9847692 34.0340037",1,"-117.9847692","34.0340037"
"155","-117.9965082 34.1344278",1,"-117.9965082","34.1344278"
"156","-117.9992265 33.660297",2,"-117.9992265","33.660297"
"157","-118.0152341 33.9055049",1,"-118.0152341","33.9055049"
"158","-118.0275667 34.0686206",1,"-118.0275667","34.0686206"
"159","-118.032844 33.9791793",1,"-118.032844","33.9791793"
"160","-118.0683713 33.9807058",1,"-118.0683713","33.9807058"
"161","-118.1228476 34.0625106",1,"-118.1228476","34.0625106"
"162","-118.1669736 34.0224417",1,"-118.1669736","34.0224417"
"163","-118.1874853 33.9800233",1,"-118.1874853","33.9800233"
"164","-118.2114603 33.930293",1,"-118.2114603","33.930293"
"165","-118.2436596 34.0522265",1,"-118.2436596","34.0522265"
"166","-118.2436849 34.0522342",51,"-118.2436849","34.0522342"
"167","-118.2772773 34.0255823",1,"-118.2772773","34.0255823"
"168","-118.2923259 34.0531113",1,"-118.2923259","34.0531113"
"169","-118.3173209 34.0954806",1,"-118.3173209","34.0954806"
"170","-118.3286614 34.0928092",1,"-118.3286614","34.0928092"
"171","-118.3406288 33.8358492",1,"-118.3406288","33.8358492"
"172","-118.3437757 34.0745721",1,"-118.3437757","34.0745721"
"173","-118.3617443 34.0900091",1,"-118.3617443","34.0900091"
"174","-118.372443 34.0653826",1,"-118.372443","34.0653826"
"175","-118.390279 34.067432",1,"-118.390279","34.067432"
"176","-118.3995194 33.8622366",1,"-118.3995194","33.8622366"
"177","-118.4019409 34.0069062",1,"-118.4019409","34.0069062"
"178","-118.40853 33.9415889",1,"-118.40853","33.9415889"
"179","-118.4389719 34.2819461",1,"-118.4389719","34.2819461"
"180","-118.4750435 33.9975493",1,"-118.4750435","33.9975493"
"181","-118.5214282 34.1517492",1,"-118.5214282","34.1517492"
"182","-118.5357514 34.043951",1,"-118.5357514","34.043951"
"183","-118.6523096 34.1602832",1,"-118.6523096","34.1602832"
"184","-118.6614809 34.1367208",2,"-118.6614809","34.1367208"
"185","-118.7986152 55.1699396",1,"-118.7986152","55.1699396"
"186","-119.0592705 34.3541659",1,"-119.0592705","34.3541659"
"187","-119.1216176 35.3900079",1,"-119.1216176","35.3900079"
"188","-119.1770516 34.1975048",1,"-119.1770516","34.1975048"
"189","-119.2290316 34.274646",1,"-119.2290316","34.274646"
"190","-119.2920585 36.3302284",1,"-119.2920585","36.3302284"
"191","-119.2948008 34.2805878",1,"-119.2948008","34.2805878"
"192","-119.4179324 36.778261",34,"-119.4179324","36.778261"
"193","-119.5540175 36.5138398",1,"-119.5540175","36.5138398"
"194","-119.5644584 49.863612",1,"-119.5644584","49.863612"
"195","-119.7725868 36.7468422",2,"-119.7725868","36.7468422"
"196","-119.8138027 39.5296329",2,"-119.8138027","39.5296329"
"197","-119.8595833 36.431061",1,"-119.8595833","36.431061"
"198","-120.059879 36.7235572",1,"-120.059879","36.7235572"
"199","-120.3086667 46.3773509",1,"-120.3086667","46.3773509"
"200","-120.3453928 45.8740808",1,"-120.3453928","45.8740808"
"201","-120.3601496 36.139678",1,"-120.3601496","36.139678"
"202","-120.5440391 38.4377698",1,"-120.5440391","38.4377698"
"203","-120.5542012 43.8041334",2,"-120.5542012","43.8041334"
"204","-120.5718719 38.4318551",1,"-120.5718719","38.4318551"
"205","-120.609084 37.3477174",2,"-120.609084","37.3477174"
"206","-120.6596156 35.2827524",1,"-120.6596156","35.2827524"
"207","-120.7401386 47.7510741",5,"-120.7401386","47.7510741"
"208","-120.8958242 38.8375215",1,"-120.8958242","38.8375215"
"209","-121.2160526 37.7974273",1,"-121.2160526","37.7974273"
"210","-121.2438138 36.3207998",1,"-121.2438138","36.3207998"
"211","-121.2907796 37.9577016",2,"-121.2907796","37.9577016"
"212","-121.302728 38.5890723",2,"-121.302728","38.5890723"
"213","-121.3635951 38.5739951",1,"-121.3635951","38.5739951"
"214","-121.3716178 38.4087993",1,"-121.3716178","38.4087993"
"215","-121.4235971 38.5597528",1,"-121.4235971","38.5597528"
"216","-121.4943996 38.5815719",2,"-121.4943996","38.5815719"
"217","-121.6169108 39.1404477",1,"-121.6169108","39.1404477"
"218","-121.6219177 39.7596061",1,"-121.6219177","39.7596061"
"219","-121.6608205 40.8823811",1,"-121.6608205","40.8823811"
"220","-121.6957863 37.931868",1,"-121.6957863","37.931868"
"221","-121.7517702 36.7619511",1,"-121.7517702","36.7619511"
"222","-121.8374777 39.7284944",1,"-121.8374777","39.7284944"
"223","-121.8447 37.1108",1,"-121.8447","37.1108"
"224","-121.925317 37.456385",1,"-121.925317","37.456385"
"225","-121.9808578 47.5778285",1,"-121.9808578","47.5778285"
"226","-122.0651819 37.9100783",1,"-122.0651819","37.9100783"
"227","-122.0981848 47.9128756",2,"-122.0981848","47.9128756"
"228","-122.1430195 37.4418834",3,"-122.1430195","37.4418834"
"229","-122.1615759 37.4442013",1,"-122.1615759","37.4442013"
"230","-122.1686033 37.4226924",2,"-122.1686033","37.4226924"
"231","-122.1750657 37.4200507",1,"-122.1750657","37.4200507"
"232","-122.2170661 47.4828776",2,"-122.2170661","47.4828776"
"233","-122.2566367 38.1040864",1,"-122.2566367","38.1040864"
"234","-122.2585399 37.8718992",1,"-122.2585399","37.8718992"
"235","-122.2711137 37.8043637",2,"-122.2711137","37.8043637"
"236","-122.272747 37.8715926",2,"-122.272747","37.8715926"
"237","-122.2785772 37.8417771",1,"-122.2785772","37.8417771"
"238","-122.286865 38.2975381",1,"-122.286865","38.2975381"
"239","-122.2913078 37.8271784",9,"-122.2913078","37.8271784"
"240","-122.3097458 47.5948003",1,"-122.3097458","47.5948003"
"241","-122.3172431 47.6142638",1,"-122.3172431","47.6142638"
"242","-122.3320708 47.6062095",5,"-122.3320708","47.6062095"
"243","-122.3334805 47.6022011",1,"-122.3334805","47.6022011"
"244","-122.3502702 47.7862093",1,"-122.3502702","47.7862093"
"245","-122.3534247 45.5826188",1,"-122.3534247","45.5826188"
"246","-122.3867537 47.5666668",1,"-122.3867537","47.5666668"
"247","-122.4076214 37.7699621",1,"-122.4076214","37.7699621"
"248","-122.4077498 37.654656",1,"-122.4077498","37.654656"
"249","-122.4166041 37.7767964",1,"-122.4166041","37.7767964"
"250","-122.4194155 37.7749295",14,"-122.4194155","37.7749295"
"251","-122.4395026 47.9982761",1,"-122.4395026","47.9982761"
"252","-122.4499507 37.8003215",1,"-122.4499507","37.8003215"
"253","-122.5189672 47.6279319",1,"-122.5189672","47.6279319"
"254","-122.5950942 45.5897694",1,"-122.5950942","45.5897694"
"255","-122.6026274 47.1698197",1,"-122.6026274","47.1698197"
"256","-122.6067583 45.3573429",1,"-122.6067583","45.3573429"
"257","-122.6716063 45.6318397",1,"-122.6716063","45.6318397"
"258","-122.6730556 45.5223418",1,"-122.6730556","45.5223418"
"259","-122.6764816 45.5230622",6,"-122.6764816","45.5230622"
"260","-122.7134535 42.1987205",1,"-122.7134535","42.1987205"
"261","-122.8231915 47.0342629",1,"-122.8231915","47.0342629"
"262","-122.8677562 49.2849107",1,"-122.8677562","49.2849107"
"263","-122.8755949 42.3265152",1,"-122.8755949","42.3265152"
"264","-122.9381672 46.1381676",1,"-122.9381672","46.1381676"
"265","-122.9888319 38.5779555",1,"-122.9888319","38.5779555"
"266","-123.0724139 49.3199816",1,"-123.0724139","49.3199816"
"267","-123.0867536 44.0520691",1,"-123.0867536","44.0520691"
"268","-123.1052489 49.280016",1,"-123.1052489","49.280016"
"269","-123.1207375 49.2827291",4,"-123.1207375","49.2827291"
"270","-123.2323686 46.8403765",1,"-123.2323686","46.8403765"
"271","-123.2328124 44.8483554",1,"-123.2328124","44.8483554"
"272","-123.3656444 48.4284207",1,"-123.3656444","48.4284207"
"273","-123.4087692 47.0034291",1,"-123.4087692","47.0034291"
"274","-123.486364 43.487633",1,"-123.486364","43.487633"
"275","-123.9695657 45.4605229",1,"-123.9695657","45.4605229"
"276","-124.1562852 46.9736986",1,"-124.1562852","46.9736986"
"277","-125.2733354 50.0331226",1,"-125.2733354","50.0331226"
"278","-125.4493906 49.6506376",1,"-125.4493906","49.6506376"
"279","-127.6476206 53.7266683",3,"-127.6476206","53.7266683"
"280","-134.515181 58.3365651",1,"-134.515181","58.3365651"
"281","-149.0729715 62.4113634",1,"-149.0729715","62.4113634"
"282","-149.9002778 61.2180556",1,"-149.9002778","61.2180556"
"283","-155.5827818 19.8967662",1,"-155.5827818","19.8967662"
"284","-156.4450063 20.7644275",1,"-156.4450063","20.7644275"
"285","-156.4549577 20.8876411",1,"-156.4549577","20.8876411"
"286","-157.7394444 21.4022222",1,"-157.7394444","21.4022222"
"287","-157.8583333 21.3069444",2,"-157.8583333","21.3069444"
"288","-158.0832614 21.531894",1,"-158.0832614","21.531894"
"289","-158.2206477 21.4634328",1,"-158.2206477","21.4634328"
"290","-16.7338211 28.1220604",1,"-16.7338211","28.1220604"
"291","-2.094278 57.149717",1,"-2.094278","57.149717"
"292","-2.13125 49.214439",1,"-2.13125","49.214439"
"293","-2.1727481 52.6615371",1,"-2.1727481","52.6615371"
"294","-2.236386 52.4492649",1,"-2.236386","52.4492649"
"295","-2.302568 51.746985",1,"-2.302568","51.746985"
"296","-2.58791 51.454513",1,"-2.58791","51.454513"
"297","-2.7021047 53.6823877",1,"-2.7021047","53.6823877"
"298","-2.997077 47.720529",1,"-2.997077","47.720529"
"299","-3.0025615 16.7665887",1,"-3.0025615","16.7665887"
"300","-3.1495175 56.2082078",1,"-3.1495175","56.2082078"
"301","-3.1952233 58.9181129",2,"-3.1952233","58.9181129"
"302","-3.435973 55.378051",11,"-3.435973","55.378051"
"303","-3.7033725 40.4162883",1,"-3.7033725","40.4162883"
"304","-3.7037902 40.4167754",3,"-3.7037902","40.4167754"
"305","-3.7038322 40.4167515",1,"-3.7038322","40.4167515"
"306","-3.74922 40.463667",2,"-3.74922","40.463667"
"307","-3.8080783 53.0711149",1,"-3.8080783","53.0711149"
"308","-34.8828969 -8.0578381",1,"-34.8828969","-8.0578381"
"309","-35.882916 -7.219842",1,"-35.882916","-7.219842"
"310","-37.681228 -9.2766863",1,"-37.681228","-9.2766863"
"311","-38.2314566 -6.7519382",1,"-38.2314566","-6.7519382"
"312","-38.3001341 -12.8704981",1,"-38.3001341","-12.8704981"
"313","-38.502304 -12.9730401",1,"-38.502304","-12.9730401"
"314","-38.5266704 -3.7318616",1,"-38.5266704","-3.7318616"
"315","-39.1959729 -7.5993135",1,"-39.1959729","-7.5993135"
"316","-4.0501505 43.3488503",1,"-4.0501505","43.3488503"
"317","-4.1426565 50.3754565",1,"-4.1426565","50.3754565"
"318","-4.193056 52.934281",1,"-4.193056","52.934281"
"319","-4.251806 55.864237",4,"-4.251806","55.864237"
"320","-4.6679959 55.3649698",1,"-4.6679959","55.3649698"
"321","-40.3077898 -20.1215224",1,"-40.3077898","-20.1215224"
"322","-40.4425922 -16.519664",1,"-40.4425922","-16.519664"
"323","-41.6809724 -14.1968614",1,"-41.6809724","-14.1968614"
"324","-41.7007272 -12.579738",1,"-41.7007272","-12.579738"
"325","-43.1728965 -22.9068467",10,"-43.1728965","-22.9068467"
"326","-43.9344931 -19.9166813",3,"-43.9344931","-19.9166813"
"327","-44.5550308 -18.512178",2,"-44.5550308","-18.512178"
"328","-44.9331458 -21.9779646",1,"-44.9331458","-21.9779646"
"329","-46.5336521 -23.4543148",1,"-46.5336521","-23.4543148"
"330","-46.6291845 -23.5431786",1,"-46.6291845","-23.5431786"
"331","-46.6479086 -23.5680454",1,"-46.6479086","-23.5680454"
"332","-46.666163 -23.562156",1,"-46.666163","-23.562156"
"333","-47.0626332 -22.9099384",1,"-47.0626332","-22.9099384"
"334","-47.1947232 -22.4941883",1,"-47.1947232","-22.4941883"
"335","-47.2089525 -23.0886496",2,"-47.2089525","-23.0886496"
"336","-47.3337008 -22.7378203",1,"-47.3337008","-22.7378203"
"337","-47.4098328 -22.5836504",1,"-47.4098328","-22.5836504"
"338","-48.3242858 -10.249091",1,"-48.3242858","-10.249091"
"339","-48.374721 -1.3642722",1,"-48.374721","-1.3642722"
"340","-49.267137 -25.4289541",1,"-49.267137","-25.4289541"
"341","-49.4683145 -29.035031",1,"-49.4683145","-29.035031"
"342","-5.54708 7.539989",1,"-5.54708","7.539989"
"343","-5.580576 54.367727",1,"-5.580576","54.367727"
"344","-5.8593267 43.3613953",1,"-5.8593267","43.3613953"
"345","-5.9844589 37.3890924",1,"-5.9844589","37.3890924"
"346","-50.2188556 -27.2423392",1,"-50.2188556","-27.2423392"
"347","-50.5991792 -21.9071574",1,"-50.5991792","-21.9071574"
"348","-50.9196623 -17.7927442",1,"-50.9196623","-17.7927442"
"349","-51.1695824 -23.3044524",1,"-51.1695824","-23.3044524"
"350","-51.2176584 -30.0346471",1,"-51.2176584","-30.0346471"
"351","-51.2176986 -30.0346316",1,"-51.2176986","-30.0346316"
"352","-51.92528 -14.235004",16,"-51.92528","-14.235004"
"353","-55.765835 -32.522779",2,"-55.765835","-32.522779"
"354","-56.921099 -12.6818712",1,"-56.921099","-12.6818712"
"355","-58.2546051 -34.7206336",1,"-58.2546051","-34.7206336"
"356","-58.364641 -34.636595",1,"-58.364641","-34.636595"
"357","-58.3815591 -34.6036844",3,"-58.3815591","-34.6036844"
"358","-58.4302476 -34.7611823",2,"-58.4302476","-34.7611823"
"359","-58.7030326 -34.479665",1,"-58.7030326","-34.479665"
"360","-59.2643242 -29.1442242",1,"-59.2643242","-29.1442242"
"361","-6.106338 53.203327",1,"-6.106338","53.203327"
"362","-6.2603097 53.3498053",3,"-6.2603097","53.3498053"
"363","-6.2817908 53.39907",1,"-6.2817908","53.39907"
"364","-60.0217314 -3.1190275",1,"-60.0217314","-3.1190275"
"365","-60.9496433 13.720608",1,"-60.9496433","13.720608"
"366","-61.3268535 -4.4420385",1,"-61.3268535","-4.4420385"
"367","-62.2626627 3.7483614",1,"-62.2626627","3.7483614"
"368","-63.0574406 18.2148129",1,"-63.0574406","18.2148129"
"369","-63.5677427 44.6652059",1,"-63.5677427","44.6652059"
"370","-63.616672 -38.416097",2,"-63.616672","-38.416097"
"371","-64.7242645 46.4722761",1,"-64.7242645","46.4722761"
"372","-65.019406 46.550374",1,"-65.019406","46.550374"
"373","-66.58973 6.42375",6,"-66.58973","6.42375"
"374","-66.590149 18.220833",2,"-66.590149","18.220833"
"375","-66.817271 10.4740033",1,"-66.817271","10.4740033"
"376","-66.8564579 -29.4134538",1,"-66.8564579","-29.4134538"
"377","-66.9036063 10.4805937",6,"-66.9036063","10.4805937"
"378","-67.5827744 5.6614718",1,"-67.5827744","5.6614718"
"379","-67.824918 -9.9753837",1,"-67.824918","-9.9753837"
"380","-68.4323448 44.911707",1,"-68.4323448","44.911707"
"381","-68.8458386 -32.8894587",1,"-68.8458386","-32.8894587"
"382","-69.0067762 44.4258239",1,"-69.0067762","44.4258239"
"383","-69.4454689 45.253783",4,"-69.4454689","45.253783"
"384","-69.9298194 43.8922586",1,"-69.9298194","43.8922586"
"385","-7.5898434 33.5731104",1,"-7.5898434","33.5731104"
"386","-7.6920536 53.1423672",1,"-7.6920536","53.1423672"
"387","-70.0827905 41.7600902",1,"-70.0827905","41.7600902"
"388","-70.1515342 41.7020781",1,"-70.1515342","41.7020781"
"389","-70.162651 18.735693",1,"-70.162651","18.735693"
"390","-70.1867227 43.8006208",1,"-70.1867227","43.8006208"
"391","-70.2311655 44.0978509",1,"-70.2311655","44.0978509"
"392","-70.2553259 43.661471",1,"-70.2553259","43.661471"
"393","-70.3975022 -23.6509279",1,"-70.3975022","-23.6509279"
"394","-70.4367642 41.6172921",2,"-70.4367642","41.6172921"
"395","-70.5906057 -33.6186082",1,"-70.5906057","-33.6186082"
"396","-70.6619888 42.6159285",1,"-70.6619888","42.6159285"
"397","-70.6672621 41.9584457",1,"-70.6672621","41.9584457"
"398","-70.6692655 -33.4488897",2,"-70.6692655","-33.4488897"
"399","-70.7284785 41.9932752",1,"-70.7284785","41.9932752"
"400","-70.760349 43.0751946",1,"-70.760349","43.0751946"
"401","-70.8092163 43.0851662",1,"-70.8092163","43.0851662"
"402","-70.8226541 43.9653889",6,"-70.8226541","43.9653889"
"403","-70.8800187 42.0751892",1,"-70.8800187","42.0751892"
"404","-70.880049 42.5584283",1,"-70.880049","42.5584283"
"405","-70.8967155 42.51954",1,"-70.8967155","42.51954"
"406","-70.9036487 41.6376043",1,"-70.9036487","41.6376043"
"407","-70.9915997 42.4136428",3,"-70.9915997","42.4136428"
"408","-71 25",1,"-71","25"
"409","-71.0095602 42.3656132",2,"-71.0095602","42.3656132"
"410","-71.0183787 42.0834335",1,"-71.0183787","42.0834335"
"411","-71.0247764 42.0950417",1,"-71.0247764","42.0950417"
"412","-71.041385 42.349255",1,"-71.041385","42.349255"
"413","-71.042551 42.1619739",1,"-71.042551","42.1619739"
"414","-71.053109 42.293763",1,"-71.053109","42.293763"
"415","-71.0536625 42.40843",1,"-71.0536625","42.40843"
"416","-71.0588801 42.3600825",61,"-71.0588801","42.3600825"
"417","-71.067605 42.3016305",1,"-71.067605","42.3016305"
"418","-71.0682388 42.3607878",1,"-71.0682388","42.3607878"
"419","-71.0723391 42.5039395",1,"-71.0723391","42.5039395"
"420","-71.0782651 42.3473129",1,"-71.0782651","42.3473129"
"421","-71.0937013 42.2729836",1,"-71.0937013","42.2729836"
"422","-71.0994968 42.3875968",1,"-71.0994968","42.3875968"
"423","-71.102018 42.365854",1,"-71.102018","42.365854"
"424","-71.1061639 42.4184296",1,"-71.1061639","42.4184296"
"425","-71.1097335 42.3736158",4,"-71.1097335","42.3736158"
"426","-71.128062 42.390253",1,"-71.128062","42.390253"
"427","-71.1367953 42.6583356",1,"-71.1367953","42.6583356"
"428","-71.1626756 42.2797554",1,"-71.1626756","42.2797554"
"429","-71.1676536 42.2436085",1,"-71.1676536","42.2436085"
"430","-71.1828321 42.3709299",1,"-71.1828321","42.3709299"
"431","-71.1989695 42.1943909",1,"-71.1989695","42.1943909"
"432","-71.2478251 42.0653812",8,"-71.2478251","42.0653812"
"433","-71.2643465 42.0909458",1,"-71.2643465","42.0909458"
"434","-71.2689461 42.5584218",1,"-71.2689461","42.5584218"
"435","-71.3128285 41.4901024",2,"-71.3128285","41.4901024"
"436","-71.3161718 42.6334247",3,"-71.3161718","42.6334247"
"437","-71.3328331 42.0042655",1,"-71.3328331","42.0042655"
"438","-71.3405513 44.077229",1,"-71.3405513","44.077229"
"439","-71.3466104 42.285214",1,"-71.3466104","42.285214"
"440","-71.3824374 42.4072107",26,"-71.3824374","42.4072107"
"441","-71.396725 42.0834313",1,"-71.396725","42.0834313"
"442","-71.4105538 41.8237896",1,"-71.4105538","41.8237896"
"443","-71.4128343 41.8239891",3,"-71.4128343","41.8239891"
"444","-71.4161671 41.7001009",1,"-71.4161671","41.7001009"
"445","-71.4216313 41.8279102",1,"-71.4216313","41.8279102"
"446","-71.4372796 41.7798226",1,"-71.4372796","41.7798226"
"447","-71.4378411 42.5792583",2,"-71.4378411","42.5792583"
"448","-71.4508394 41.6443772",1,"-71.4508394","41.6443772"
"449","-71.467566 42.7653662",1,"-71.467566","42.7653662"
"450","-71.4745881 42.0867608",1,"-71.4745881","42.0867608"
"451","-71.4774291 41.5800945",6,"-71.4774291","41.5800945"
"452","-71.512617 41.8205199",2,"-71.512617","41.8205199"
"453","-71.5147839 42.0028761",1,"-71.5147839","42.0028761"
"454","-71.5163049 42.1398577",1,"-71.5163049","42.1398577"
"455","-71.542969 -35.675147",6,"-71.542969","-35.675147"
"456","-71.5642076 41.6885978",1,"-71.5642076","41.6885978"
"457","-71.566139 42.391736",2,"-71.566139","42.391736"
"458","-71.5723953 43.1938516",5,"-71.5723953","43.1938516"
"459","-71.5870939 41.8326629",1,"-71.5870939","41.8326629"
"460","-71.7147951 10.6544509",1,"-71.7147951","10.6544509"
"461","-71.7389091 42.5113334",1,"-71.7389091","42.5113334"
"462","-71.759794 42.5250906",1,"-71.759794","42.5250906"
"463","-71.7606293 42.4374156",1,"-71.7606293","42.4374156"
"464","-71.761522 42.1920719",1,"-71.761522","42.1920719"
"465","-71.7833551 42.7799279",1,"-71.7833551","42.7799279"
"466","-71.8022934 42.2625932",1,"-71.8022934","42.2625932"
"467","-71.8052464 42.2378888",1,"-71.8052464","42.2378888"
"468","-71.8356271 42.1945385",1,"-71.8356271","42.1945385"
"469","-71.9086843 42.245926",2,"-71.9086843","42.245926"
"470","-71.966462 41.3542656",1,"-71.966462","41.3542656"
"471","-72.2222323 44.0639777",1,"-72.2222323","44.0639777"
"472","-72.285215 18.971187",1,"-72.285215","18.971187"
"473","-72.5215009 41.7759301",2,"-72.5215009","41.7759301"
"474","-72.5466486 42.1536301",1,"-72.5466486","42.1536301"
"475","-72.5950225 42.1131661",1,"-72.5950225","42.1131661"
"476","-72.6148117 42.0695391",1,"-72.6148117","42.0695391"
"477","-72.6850932 41.7637111",1,"-72.6850932","41.7637111"
"478","-72.7562636 44.3378203",1,"-72.7562636","44.3378203"
"479","-72.8676033 40.8014876",1,"-72.8676033","40.8014876"
"480","-73.0468735 40.8744658",1,"-73.0468735","40.8744658"
"481","-73.087749 41.6032207",2,"-73.087749","41.6032207"
"482","-73.134961 40.789142",3,"-73.134961","40.789142"
"483","-73.1709604 44.4669941",1,"-73.1709604","44.4669941"
"484","-73.1856832 44.491438",1,"-73.1856832","44.491438"
"485","-73.1910115 41.212079",1,"-73.1910115","41.212079"
"486","-73.2453824 42.4500845",1,"-73.2453824","42.4500845"
"487","-73.2519376 40.8212188",7,"-73.2519376","40.8212188"
"488","-73.2612615 41.1408363",1,"-73.2612615","41.1408363"
"489","-73.2765361 41.7866294",1,"-73.2765361","41.7866294"
"490","-73.2852 41.40097",1,"-73.2852","41.40097"
"491","-73.4529124 44.6994873",1,"-73.4529124","44.6994873"
"492","-73.4620685 40.7009337",1,"-73.4620685","40.7009337"
"493","-73.4742914 40.6806563",1,"-73.4742914","40.6806563"
"494","-73.5142921 40.7259336",1,"-73.5142921","40.7259336"
"495","-73.5190579 40.6924734",1,"-73.5190579","40.6924734"
"496","-73.567256 45.5016889",3,"-73.567256","45.5016889"
"497","-73.6279618 45.5387743",1,"-73.6279618","45.5387743"
"498","-73.742898 42.6425794",1,"-73.742898","42.6425794"
"499","-73.7698945 42.6052",1,"-73.7698945","42.6052"
"500","-73.7868236 42.9854395",1,"-73.7868236","42.9854395"
"501","-73.7948516 40.7282239",1,"-73.7948516","40.7282239"
"502","-73.8623337 45.4560415",1,"-73.8623337","45.4560415"
"503","-73.8648268 40.8447819",2,"-73.8648268","40.8447819"
"504","-73.8856987 40.8620404",1,"-73.8856987","40.8620404"
"505","-73.8987469 40.9312099",1,"-73.8987469","40.9312099"
"506","-73.9202391 41.6002842",3,"-73.9202391","41.6002842"
"507","-73.9214274 40.7409452",1,"-73.9214274","40.7409452"
"508","-73.935989 40.755182",1,"-73.935989","40.755182"
"509","-73.9441579 40.6781784",5,"-73.9441579","40.6781784"
"510","-73.9456686 40.780147",1,"-73.9456686","40.780147"
"511","-73.9474347 40.7758586",1,"-73.9474347","40.7758586"
"512","-73.9485424 40.744679",1,"-73.9485424","40.744679"
"513","-73.9496212 40.7407432",1,"-73.9496212","40.7407432"
"514","-73.9516421 40.7470083",1,"-73.9516421","40.7470083"
"515","-73.956195 42.746684",1,"-73.956195","42.746684"
"516","-73.959494 42.2146071",1,"-73.959494","42.2146071"
"517","-73.969863 40.750284",1,"-73.969863","40.750284"
"518","-73.9712488 40.7830603",2,"-73.9712488","40.7830603"
"519","-73.9746494 40.7609595",2,"-73.9746494","40.7609595"
"520","-73.9788248 40.7521501",1,"-73.9788248","40.7521501"
"521","-73.9815337 40.7264773",1,"-73.9815337","40.7264773"
"522","-73.9823391 40.7458336",1,"-73.9823391","40.7458336"
"523","-73.9841161 40.7317696",1,"-73.9841161","40.7317696"
"524","-73.9867329 40.7567217",2,"-73.9867329","40.7567217"
"525","-73.9878926 40.7553478",1,"-73.9878926","40.7553478"
"526","-73.9889579 40.7570663",1,"-73.9889579","40.7570663"
"527","-73.990229 40.7188374",1,"-73.990229","40.7188374"
"528","-73.9912718 40.7607553",1,"-73.9912718","40.7607553"
"529","-73.9918181 40.7637581",1,"-73.9918181","40.7637581"
"530","-73.9920691 40.7546779",1,"-73.9920691","40.7546779"
"531","-73.9941595 40.7368788",1,"-73.9941595","40.7368788"
"532","-73.996337 40.7529454",1,"-73.996337","40.7529454"
"533","-73.9964609 40.7295134",1,"-73.9964609","40.7295134"
"534","-73.9968807 40.7249194",1,"-73.9968807","40.7249194"
"535","-73.9990269 40.372054",1,"-73.9990269","40.372054"
"536","-74.0050227 40.728153",1,"-74.0050227","40.728153"
"537","-74.0059413 40.7127837",56,"-74.0059413","40.7127837"
"538","-74.0120817 40.2203907",1,"-74.0120817","40.2203907"
"539","-74.0176381 40.2903891",1,"-74.0176381","40.2903891"
"540","-74.0329499 40.6261638",1,"-74.0329499","40.6261638"
"541","-74.0776417 40.7281575",1,"-74.0776417","40.7281575"
"542","-74.081518 40.8115403",1,"-74.081518","40.8115403"
"543","-74.0915982 40.3968012",1,"-74.0915982","40.3968012"
"544","-74.123799 41.020129",1,"-74.123799","41.020129"
"545","-74.1371832 40.0578384",1,"-74.1371832","40.0578384"
"546","-74.166188 40.007722",1,"-74.166188","40.007722"
"547","-74.1723667 40.735657",1,"-74.1723667","40.735657"
"548","-74.1854209 40.8067546",1,"-74.1854209","40.8067546"
"549","-74.285247 40.350434",1,"-74.285247","40.350434"
"550","-74.297333 4.570868",5,"-74.297333","4.570868"
"551","-74.3028485 40.6552819",1,"-74.3028485","40.6552819"
"552","-74.4056612 40.0583238",14,"-74.4056612","40.0583238"
"553","-74.4642861 40.554887",1,"-74.4642861","40.554887"
"554","-74.4851659 40.6049167",1,"-74.4851659","40.6049167"
"555","-74.5746001 39.2776156",1,"-74.5746001","39.2776156"
"556","-74.5747248 40.8478065",1,"-74.5747248","40.8478065"
"557","-74.6166192 39.3822537",2,"-74.6166192","39.3822537"
"558","-74.6627028 40.4676148",1,"-74.6627028","40.4676148"
"559","-74.7429384 40.2170534",1,"-74.7429384","40.2170534"
"560","-74.74655 41.8012001",1,"-74.74655","41.8012001"
"561","-74.8983569 41.9676764",1,"-74.8983569","41.9676764"
"562","-74.9573908 40.0323338",1,"-74.9573908","40.0323338"
"563","-75.0497448 39.9105176",1,"-75.0497448","39.9105176"
"564","-75.0866155 38.327881",1,"-75.0866155","38.327881"
"565","-75.1162863 39.8917799",1,"-75.1162863","39.8917799"
"566","-75.1196199 39.9259463",1,"-75.1196199","39.9259463"
"567","-75.1530106 39.941933",1,"-75.1530106","39.941933"
"568","-75.1553506 39.9811932",1,"-75.1553506","39.9811932"
"569","-75.1652215 39.9525839",14,"-75.1652215","39.9525839"
"570","-75.1662121 39.9093147",1,"-75.1662121","39.9093147"
"571","-75.1690942 44.5956163",1,"-75.1690942","44.5956163"
"572","-75.1996261 39.9568501",1,"-75.1996261","39.9568501"
"573","-75.2479061 40.4107964",1,"-75.2479061","40.4107964"
"574","-75.3365607 43.4836801",1,"-75.3365607","43.4836801"
"575","-75.3704579 40.6259316",1,"-75.3704579","40.6259316"
"576","-75.3868889 40.9254411",1,"-75.3868889","40.9254411"
"577","-75.3878525 43.3447295",1,"-75.3878525","43.3447295"
"578","-75.4257325 39.8648194",1,"-75.4257325","39.8648194"
"579","-75.4596404 39.8006685",1,"-75.4596404","39.8006685"
"580","-75.5276699 38.9108325",1,"-75.5276699","38.9108325"
"581","-75.5812119 6.244203",1,"-75.5812119","6.244203"
"582","-75.5993692 38.3606736",1,"-75.5993692","38.3606736"
"583","-75.6324112 41.4198027",1,"-75.6324112","41.4198027"
"584","-75.9268747 40.3356483",1,"-75.9268747","40.3356483"
"585","-75.953067 45.813212",1,"-75.953067","45.813212"
"586","-76.1152289 39.6048327",1,"-76.1152289","39.6048327"
"587","-76.2710833 -12.2720956",2,"-76.2710833","-12.2720956"
"588","-76.2858726 36.8507689",1,"-76.2858726","36.8507689"
"589","-76.3055144 40.0378755",1,"-76.3055144","40.0378755"
"590","-76.3067676 36.8855515",1,"-76.3067676","36.8855515"
"591","-76.3133944 36.9449989",1,"-76.3133944","36.9449989"
"592","-76.3984537 39.5575832",1,"-76.3984537","39.5575832"
"593","-76.4730122 37.0870821",2,"-76.4730122","37.0870821"
"594","-76.4750959 39.3425693",1,"-76.4750959","39.3425693"
"595","-76.4777422 39.60455",1,"-76.4777422","39.60455"
"596","-76.4859544 44.2311717",2,"-76.4859544","44.2311717"
"597","-76.4921829 38.9784453",1,"-76.4921829","38.9784453"
"598","-76.535758 3.45246",1,"-76.535758","3.45246"
"599","-76.5660529 42.9317335",1,"-76.5660529","42.9317335"
"600","-76.605015 39.399865",1,"-76.605015","39.399865"
"601","-76.6121893 39.2903848",3,"-76.6121893","39.2903848"
"602","-76.6246886 39.1626084",1,"-76.6246886","39.1626084"
"603","-76.6412712 39.0457549",7,"-76.6412712","39.0457549"
"604","-76.7496909 38.8159473",1,"-76.7496909","38.8159473"
"605","-76.7802528 39.4195499",1,"-76.7802528","39.4195499"
"606","-76.8149578 43.2206218",1,"-76.8149578","43.2206218"
"607","-76.8216818 42.0824348",1,"-76.8216818","42.0824348"
"608","-76.8846956 40.2323122",1,"-76.8846956","40.2323122"
"609","-76.8867008 40.2731911",1,"-76.8867008","40.2731911"
"610","-76.9758274 18.0193171",1,"-76.9758274","18.0193171"
"611","-76.985557 42.8679836",1,"-76.985557","42.8679836"
"612","-76.9897278 38.8033178",1,"-76.9897278","38.8033178"
"613","-77.017576 38.901048",1,"-77.017576","38.901048"
"614","-77.0368707 38.9071923",17,"-77.0368707","38.9071923"
"615","-77.0418878 38.9081223",1,"-77.0418878","38.9081223"
"616","-77.0469214 38.8048355",3,"-77.0469214","38.8048355"
"617","-77.1945247 41.2033216",4,"-77.1945247","41.2033216"
"618","-77.216339 38.927775",2,"-77.216339","38.927775"
"619","-77.2644152 41.2020171",1,"-77.2644152","41.2020171"
"620","-77.3133268 40.4732862",1,"-77.3133268","40.4732862"
"621","-77.355413 25.0479835",1,"-77.355413","25.0479835"
"622","-77.3570028 38.9586307",1,"-77.3570028","38.9586307"
"623","-77.398767 37.204115",1,"-77.398767","37.204115"
"624","-77.4360481 37.5407246",1,"-77.4360481","37.5407246"
"625","-77.438898 43.214231",1,"-77.438898","43.214231"
"626","-77.4588318 37.5455723",1,"-77.4588318","37.5455723"
"627","-77.4752667 38.7509488",2,"-77.4752667","38.7509488"
"628","-77.4874959 43.1086741",1,"-77.4874959","43.1086741"
"629","-77.5063739 37.665978",1,"-77.5063739","37.665978"
"630","-77.5149969 43.0906186",1,"-77.5149969","43.0906186"
"631","-77.5734048 37.5843082",1,"-77.5734048","37.5843082"
"632","-77.6077865 37.3673217",1,"-77.6077865","37.3673217"
"633","-77.6109219 43.16103",4,"-77.6109219","43.16103"
"634","-77.6128039 43.0592452",1,"-77.6128039","43.0592452"
"635","-77.6930602 43.2097837",1,"-77.6930602","43.2097837"
"636","-77.7373582 37.9635374",1,"-77.7373582","37.9635374"
"637","-77.8561023 40.8121958",1,"-77.8561023","40.8121958"
"638","-78.183406 -1.831239",1,"-78.183406","-1.831239"
"639","-78.216667 -7.85",1,"-78.216667","-7.85"
"640","-78.2452713 38.0340323",1,"-78.2452713","38.0340323"
"641","-78.3908559 43.0964478",1,"-78.3908559","43.0964478"
"642","-78.4060587 33.8953995",1,"-78.4060587","33.8953995"
"643","-78.5084937 45.0467132",1,"-78.5084937","45.0467132"
"644","-78.5908345 36.3107004",1,"-78.5908345","36.3107004"
"645","-78.6568942 37.4315734",4,"-78.6568942","37.4315734"
"646","-78.6931094 35.7847986",1,"-78.6931094","35.7847986"
"647","-78.7583432 37.8131025",1,"-78.7583432","37.8131025"
"648","-78.7892229 36.7198459",1,"-78.7892229","36.7198459"
"649","-78.8289727 42.7167654",1,"-78.8289727","42.7167654"
"650","-78.8294768 42.7158927",1,"-78.8294768","42.7158927"
"651","-78.8689155 38.4495688",1,"-78.8689155","38.4495688"
"652","-78.8783689 42.8864468",5,"-78.8783689","42.8864468"
"653","-78.898619 35.9940329",1,"-78.898619","35.9940329"
"654","-78.9429329 43.8975446",1,"-78.9429329","43.8975446"
"655","-78.9657302 43.0216283",1,"-78.9657302","43.0216283"
"656","-78.9744849 40.9941941",1,"-78.9744849","40.9941941"
"657","-79.0192997 35.7595731",8,"-79.0192997","35.7595731"
"658","-79.0558445 35.9131996",1,"-79.0558445","35.9131996"
"659","-79.0611183 40.0577277",1,"-79.0611183","40.0577277"
"660","-79.1368259 35.0305707",1,"-79.1368259","35.0305707"
"661","-79.1725738 33.9047138",1,"-79.1725738","33.9047138"
"662","-79.2468626 43.1593745",2,"-79.2468626","43.1593745"
"663","-79.2669619 36.0959715",1,"-79.2669619","36.0959715"
"664","-79.2822491 35.2562684",1,"-79.2822491","35.2562684"
"665","-79.3339324 42.4795019",1,"-79.3339324","42.4795019"
"666","-79.3370188 43.8561002",1,"-79.3370188","43.8561002"
"667","-79.3535714 -3.9879753",1,"-79.3535714","-3.9879753"
"668","-79.3789193 43.6512115",1,"-79.3789193","43.6512115"
"669","-79.3831843 43.653226",17,"-79.3831843","43.653226"
"670","-79.4156824 43.6642855",1,"-79.4156824","43.6642855"
"671","-79.469837 43.7806677",1,"-79.469837","43.7806677"
"672","-79.532157 43.8169837",10,"-79.532157","43.8169837"
"673","-79.582694 36.2870877",1,"-79.582694","36.2870877"
"674","-79.6876659 43.467517",1,"-79.6876659","43.467517"
"675","-79.7532779 37.2263933",1,"-79.7532779","37.2263933"
"676","-79.7618035 34.0649253",1,"-79.7618035","34.0649253"
"677","-79.7919754 36.0726354",3,"-79.7919754","36.0726354"
"678","-79.8136446 35.7079146",1,"-79.8136446","35.7079146"
"679","-79.8342163 42.2156131",1,"-79.8342163","42.2156131"
"680","-79.89342 43.2593375",1,"-79.89342","43.2593375"
"681","-79.9192702 -1.9574839",1,"-79.9192702","-1.9574839"
"682","-79.9310512 32.7764749",3,"-79.9310512","32.7764749"
"683","-79.9414266 37.2709704",1,"-79.9414266","37.2709704"
"684","-79.9416549 42.167881",1,"-79.9416549","42.167881"
"685","-79.946967 36.0735529",1,"-79.946967","36.0735529"
"686","-79.9958864 40.4406248",7,"-79.9958864","40.4406248"
"687","-8.1096142 54.653827",1,"-8.1096142","54.653827"
"688","-8.224454 39.399872",2,"-8.224454","39.399872"
"689","-8.4042526 39.6052067",1,"-8.4042526","39.6052067"
"690","-8.4403573 40.2048286",1,"-8.4403573","40.2048286"
"691","-8.4863157 51.8968917",1,"-8.4863157","51.8968917"
"692","-8.5448445 42.8782132",1,"-8.5448445","42.8782132"
"693","-80.0181728 32.7993864",1,"-80.0181728","32.7993864"
"694","-80.0320113 37.2826157",1,"-80.0320113","37.2826157"
"695","-80.0684479 26.6167555",1,"-80.0684479","26.6167555"
"696","-80.0767266 34.9682097",1,"-80.0767266","34.9682097"
"697","-80.0943113 43.9199788",1,"-80.0943113","43.9199788"
"698","-80.1021113 26.3749228",1,"-80.1021113","26.3749228"
"699","-80.1120313 26.6980852",1,"-80.1120313","26.6980852"
"700","-80.1281373 25.855498",1,"-80.1281373","25.855498"
"701","-80.1373174 26.1224386",2,"-80.1373174","26.1224386"
"702","-80.1475583 41.7189447",1,"-80.1475583","41.7189447"
"703","-80.154351 26.050713",1,"-80.154351","26.050713"
"704","-80.1611889 26.057506",1,"-80.1611889","26.057506"
"705","-80.1860091 25.8922514",1,"-80.1860091","25.8922514"
"706","-80.186969 25.7814014",1,"-80.186969","25.7814014"
"707","-80.1912273 26.1372742",1,"-80.1912273","26.1372742"
"708","-80.1917902 25.7616798",18,"-80.1917902","25.7616798"
"709","-80.2213477 40.5169767",1,"-80.2213477","40.5169767"
"710","-80.2683571 26.6617635",1,"-80.2683571","26.6617635"
"711","-80.2870457 25.795865",1,"-80.2870457","25.795865"
"712","-80.3244957 25.8650961",1,"-80.3244957","25.8650961"
"713","-80.326197 25.904799",1,"-80.326197","25.904799"
"714","-80.347009 41.0036719",1,"-80.347009","41.0036719"
"715","-80.3582261 27.2730492",1,"-80.3582261","27.2730492"
"716","-80.365865 26.190096",3,"-80.365865","26.190096"
"717","-80.4274363 37.165623",1,"-80.4274363","37.165623"
"718","-80.4549026 38.5976262",1,"-80.4549026","38.5976262"
"719","-80.579511 35.4087517",1,"-80.579511","35.4087517"
"720","-80.5899424 28.1726677",1,"-80.5899424","28.1726677"
"721","-80.6081089 28.0836269",1,"-80.6081089","28.0836269"
"722","-80.6326916 25.5516034",2,"-80.6326916","25.5516034"
"723","-80.6350681 35.0862583",1,"-80.6350681","35.0862583"
"724","-80.735164 35.3070929",1,"-80.735164","35.3070929"
"725","-80.7416223 35.4293124",1,"-80.7416223","35.4293124"
"726","-80.7626152 41.5357732",1,"-80.7626152","41.5357732"
"727","-80.8300853 35.2183206",1,"-80.8300853","35.2183206"
"728","-80.8431267 35.2270869",5,"-80.8431267","35.2270869"
"729","-80.9530353 46.522099",1,"-80.9530353","46.522099"
"730","-80.9822286 43.3700007",1,"-80.9822286","43.3700007"
"731","-81.0228331 29.2108147",2,"-81.0228331","29.2108147"
"732","-81.0250784 34.9248667",2,"-81.0250784","34.9248667"
"733","-81.0295793 35.5316576",1,"-81.0295793","35.5316576"
"734","-81.1025918 37.3662293",1,"-81.1025918","37.3662293"
"735","-81.1270035 29.4749754",1,"-81.1270035","29.4749754"
"736","-81.1606401 36.1459649",1,"-81.1606401","36.1459649"
"737","-81.1637245 33.836081",3,"-81.1637245","33.836081"
"738","-81.2058333 40.96735",1,"-81.2058333","40.96735"
"739","-81.308083 28.4311577",1,"-81.308083","28.4311577"
"740","-81.339552 41.6661573",1,"-81.339552","41.6661573"
"741","-81.3444573 35.7344538",1,"-81.3444573","35.7344538"
"742","-81.3792365 28.5383355",5,"-81.3792365","28.5383355"
"743","-81.3961338 30.2841224",2,"-81.3961338","30.2841224"
"744","-81.4498717 37.2232316",1,"-81.4498717","37.2232316"
"745","-81.4646529 28.711647",1,"-81.4646529","28.711647"
"746","-81.4709358 28.1573736",2,"-81.4709358","28.1573736"
"747","-81.4959267 35.8484645",1,"-81.4959267","35.8484645"
"748","-81.5157535 27.6648274",17,"-81.5157535","27.6648274"
"749","-81.5474045 41.3735238",1,"-81.5474045","41.3735238"
"750","-81.5941274 28.3305184",1,"-81.5941274","28.3305184"
"751","-81.655651 30.3321838",2,"-81.655651","30.3321838"
"752","-81.6601279 38.6764777",1,"-81.6601279","38.6764777"
"753","-81.6816219 30.3895428",1,"-81.6816219","30.3895428"
"754","-81.6892974 41.4967397",1,"-81.6892974","41.4967397"
"755","-81.6943605 41.49932",8,"-81.6943605","41.49932"
"756","-81.7945616 28.1288598",1,"-81.7945616","28.1288598"
"757","-81.8691228 28.7391313",2,"-81.8691228","28.7391313"
"758","-81.8723084 26.640628",1,"-81.8723084","26.640628"
"759","-81.9495331 26.5628537",1,"-81.9495331","26.5628537"
"760","-81.9699972 34.9956099",1,"-81.9699972","34.9956099"
"761","-81.975299 28.1219473",1,"-81.975299","28.1219473"
"762","-81.9773482 36.7098335",1,"-81.9773482","36.7098335"
"763","-82.0131924 39.9403453",1,"-82.0131924","39.9403453"
"764","-82.0398218 41.3855048",1,"-82.0398218","41.3855048"
"765","-82.1076486 41.3683798",2,"-82.1076486","41.3683798"
"766","-82.1451096 34.9378962",1,"-82.1451096","34.9378962"
"767","-82.1823746 41.452819",1,"-82.1823746","41.452819"
"768","-82.2756468 27.9836329",1,"-82.2756468","27.9836329"
"769","-82.3248262 29.6516344",2,"-82.3248262","29.6516344"
"770","-82.3331733 34.9037282",1,"-82.3331733","34.9037282"
"771","-82.3534727 36.3134397",1,"-82.3534727","36.3134397"
"772","-82.3646068 41.4219889",1,"-82.3646068","41.4219889"
"773","-82.3892596 28.0352964",1,"-82.3892596","28.0352964"
"774","-82.3940104 34.8526176",1,"-82.3940104","34.8526176"
"775","-82.40785 36.48111",1,"-82.40785","36.48111"
"776","-82.445154 38.4192496",1,"-82.445154","38.4192496"
"777","-82.4571776 27.950575",4,"-82.4571776","27.950575"
"778","-82.4614831 28.1511243",1,"-82.4614831","28.1511243"
"779","-82.5306527 27.3364347",1,"-82.5306527","27.3364347"
"780","-82.5436722 27.763383",1,"-82.5436722","27.763383"
"781","-82.546344 27.2669722",1,"-82.546344","27.2669722"
"782","-82.5514869 35.5950581",1,"-82.5514869","35.5950581"
"783","-82.5723193 27.5214269",1,"-82.5723193","27.5214269"
"784","-82.5748194 27.4989278",1,"-82.5748194","27.4989278"
"785","-82.6373703 28.0528969",1,"-82.6373703","28.0528969"
"786","-82.6578557 28.0364135",1,"-82.6578557","28.0364135"
"787","-82.7195451 28.2716755",1,"-82.7195451","28.2716755"
"788","-82.7350514 28.2143574",1,"-82.7350514","28.2143574"
"789","-82.7873244 27.9094665",2,"-82.7873244","27.9094665"
"790","-82.8176203 29.6132942",1,"-82.8176203","29.6132942"
"791","-82.9000751 32.1656221",7,"-82.9000751","32.1656221"
"792","-82.907123 40.4172871",10,"-82.907123","40.4172871"
"793","-82.9226153 39.993591",1,"-82.9226153","39.993591"
"794","-82.950845 42.600927",1,"-82.950845","42.600927"
"795","-82.9679121 38.8768458",1,"-82.9679121","38.8768458"
"796","-82.9937434 42.3502169",1,"-82.9937434","42.3502169"
"797","-82.9987942 39.9611755",2,"-82.9987942","39.9611755"
"798","-83.0313905 35.26594",1,"-83.0313905","35.26594"
"799","-83.0363633 42.3149367",1,"-83.0363633","42.3149367"
"800","-83.0432783 42.334167",1,"-83.0432783","42.334167"
"801","-83.0449347 42.9205842",1,"-83.0449347","42.9205842"
"802","-83.0457538 42.331427",5,"-83.0457538","42.331427"
"803","-83.067965 40.2986724",1,"-83.067965","40.2986724"
"804","-83.0790865 42.8105356",1,"-83.0790865","42.8105356"
"805","-83.1234008 40.004425",1,"-83.1234008","40.004425"
"806","-83.1426559 39.9208626",1,"-83.1426559","39.9208626"
"807","-83.2320991 33.0801429",1,"-83.2320991","33.0801429"
"808","-83.289567 30.8477872",1,"-83.289567","30.8477872"
"809","-83.3364386 42.4868455",1,"-83.3364386","42.4868455"
"810","-83.3597099 42.3580059",1,"-83.3597099","42.3580059"
"811","-83.3977101 41.9164343",1,"-83.3977101","41.9164343"
"812","-83.4168702 41.156998",1,"-83.4168702","41.156998"
"813","-83.482116 42.3086444",1,"-83.482116","42.3086444"
"814","-83.5202624 38.1229174",1,"-83.5202624","38.1229174"
"815","-83.624201 32.6130007",1,"-83.624201","32.6130007"
"816","-83.6244427 41.6116037",1,"-83.6244427","41.6116037"
"817","-83.6468362 31.4718497",1,"-83.6468362","31.4718497"
"818","-83.6513229 41.3747744",1,"-83.6513229","41.3747744"
"819","-83.7430378 42.2808256",2,"-83.7430378","42.2808256"
"820","-83.8240663 34.2978794",1,"-83.8240663","34.2978794"
"821","-83.8408265 40.2778934",1,"-83.8408265","40.2778934"
"822","-83.860493 33.5967091",1,"-83.860493","33.5967091"
"823","-83.8888647 43.5944677",1,"-83.8888647","43.5944677"
"824","-83.9207392 35.9606384",3,"-83.9207392","35.9606384"
"825","-83.9787808 30.8365815",1,"-83.9787808","30.8365815"
"826","-83.9811014 34.1140497",4,"-83.9811014","34.1140497"
"827","-83.985 42.43472",2,"-83.985","42.43472"
"828","-84.0176904 33.6676103",1,"-84.0176904","33.6676103"
"829","-84.028839 39.731067",1,"-84.028839","39.731067"
"830","-84.0907246 9.9280694",1,"-84.0907246","9.9280694"
"831","-84.1252243 41.3922726",1,"-84.1252243","41.3922726"
"832","-84.1318632 36.1034126",1,"-84.1318632","36.1034126"
"833","-84.1916069 39.7589478",2,"-84.1916069","39.7589478"
"834","-84.2177136 39.0283966",1,"-84.2177136","39.0283966"
"835","-84.2700179 37.8393332",6,"-84.2700179","37.8393332"
"836","-84.2807329 30.4382559",1,"-84.2807329","30.4382559"
"837","-84.2940899 34.0753762",1,"-84.2940899","34.0753762"
"838","-84.3333157 33.8296116",1,"-84.3333157","33.8296116"
"839","-84.3453169 46.4952996",1,"-84.3453169","46.4952996"
"840","-84.3640829 33.7589188",10,"-84.3640829","33.7589188"
"841","-84.367398 33.806131",1,"-84.367398","33.806131"
"842","-84.3685144 46.4676398",1,"-84.3685144","46.4676398"
"843","-84.3871494 33.758969",1,"-84.3871494","33.758969"
"844","-84.3879824 33.7489954",30,"-84.3879824","33.7489954"
"845","-84.3999382 33.7451604",1,"-84.3999382","33.7451604"
"846","-84.4114395 33.7451812",1,"-84.4114395","33.7451812"
"847","-84.4277001 33.6407282",4,"-84.4277001","33.6407282"
"848","-84.4324695 42.4514252",1,"-84.4324695","42.4514252"
"849","-84.4339711 42.2466185",1,"-84.4339711","42.2466185"
"850","-84.4493725 33.6534427",1,"-84.4493725","33.6534427"
"851","-84.4651644 39.0325249",1,"-84.4651644","39.0325249"
"852","-84.5037164 38.0405837",2,"-84.5037164","38.0405837"
"853","-84.5039697 38.0306511",1,"-84.5039697","38.0306511"
"854","-84.5120196 39.1031182",4,"-84.5120196","39.1031182"
"855","-84.5613355 39.3995008",1,"-84.5613355","39.3995008"
"856","-84.5691487 42.842256",1,"-84.5691487","42.842256"
"857","-84.7996573 33.3806716",1,"-84.7996573","33.3806716"
"858","-84.8413056 33.9244531",1,"-84.8413056","33.9244531"
"859","-84.8766115 35.1595182",1,"-84.8766115","35.1595182"
"860","-84.9877094 32.4609764",1,"-84.9877094","32.4609764"
"861","-85.0078726 41.6323886",1,"-85.0078726","41.6323886"
"862","-85.0766113 33.5801103",1,"-85.0766113","33.5801103"
"863","-85.1393513 41.079273",1,"-85.1393513","41.079273"
"864","-85.207229 12.865416",3,"-85.207229","12.865416"
"865","-85.222184 39.3000511",1,"-85.222184","39.3000511"
"866","-85.3232139 51.253775",1,"-85.3232139","51.253775"
"867","-85.343231 35.005974",1,"-85.343231","35.005974"
"868","-85.3863599 40.1933767",1,"-85.3863599","40.1933767"
"869","-85.5516098 42.6188637",1,"-85.5516098","42.6188637"
"870","-85.601448 30.165532",1,"-85.601448","30.165532"
"871","-85.6023643 44.3148443",7,"-85.6023643","44.3148443"
"872","-85.617324 42.935047",1,"-85.617324","42.935047"
"873","-85.6602058 30.1588129",1,"-85.6602058","30.1588129"
"874","-85.6668498 42.9282502",1,"-85.6668498","42.9282502"
"875","-85.6680863 42.9633599",3,"-85.6680863","42.9633599"
"876","-85.7228061 42.8122508",1,"-85.7228061","42.8122508"
"877","-85.7584557 38.2526647",6,"-85.7584557","38.2526647"
"878","-85.768597 41.0006005",1,"-85.768597","41.0006005"
"879","-85.8344383 41.5822716",1,"-85.8344383","41.5822716"
"880","-85.8663574 33.9981546",1,"-85.8663574","33.9981546"
"881","-86.0280502 41.0383766",1,"-86.0280502","41.0383766"
"882","-86.0928478 31.2736042",1,"-86.0928478","31.2736042"
"883","-86.1066526 39.6136578",1,"-86.1066526","39.6136578"
"884","-86.1349019 40.2671941",2,"-86.1349019","40.2671941"
"885","-86.1522663 39.930995",1,"-86.1522663","39.930995"
"886","-86.158068 39.768403",6,"-86.158068","39.768403"
"887","-86.1586156 41.6619927",1,"-86.1586156","41.6619927"
"888","-86.2288322 30.3960324",1,"-86.2288322","30.3960324"
"889","-86.241905 15.199999",1,"-86.241905","15.199999"
"890","-86.2519898 41.6763545",1,"-86.2519898","41.6763545"
"891","-86.3130247 32.3362956",1,"-86.3130247","32.3362956"
"892","-86.3442107 34.3614336",1,"-86.3442107","34.3614336"
"893","-86.39027 35.8456213",2,"-86.39027","35.8456213"
"894","-86.4596966 32.4640245",1,"-86.4596966","32.4640245"
"895","-86.4808043 36.9685219",2,"-86.4808043","36.9685219"
"896","-86.5163833 36.5817089",1,"-86.5163833","36.5817089"
"897","-86.5263857 39.165325",1,"-86.5263857","39.165325"
"898","-86.5804473 35.5174913",6,"-86.5804473","35.5174913"
"899","-86.6199957 36.3047735",1,"-86.6199957","36.3047735"
"900","-86.6542943 34.7113169",1,"-86.6542943","34.7113169"
"901","-86.7436808 36.1130645",1,"-86.7436808","36.1130645"
"902","-86.7535975 33.1028965",1,"-86.7535975","33.1028965"
"903","-86.7785458 36.1371081",1,"-86.7785458","36.1371081"
"904","-86.7816016 36.1626638",6,"-86.7816016","36.1626638"
"905","-86.80249 33.5206608",1,"-86.80249","33.5206608"
"906","-86.8515279 21.161908",1,"-86.8515279","21.161908"
"907","-86.8752869 40.4167022",1,"-86.8752869","40.4167022"
"908","-86.902298 32.3182314",4,"-86.902298","32.3182314"
"909","-86.90708 40.140953",1,"-86.90708","40.140953"
"910","-87.0641992 41.6105937",1,"-87.0641992","41.6105937"
"911","-87.192136 14.0722751",1,"-87.192136","14.0722751"
"912","-87.2169149 30.421309",1,"-87.2169149","30.421309"
"913","-87.2549348 37.6295736",1,"-87.2549348","37.6295736"
"914","-87.3050893 39.4607942",1,"-87.3050893","39.4607942"
"915","-87.4547635 41.6392024",1,"-87.4547635","41.6392024"
"916","-87.4711772 37.463507",1,"-87.4711772","37.463507"
"917","-87.5000412 41.5833688",1,"-87.5000412","41.5833688"
"918","-87.5269704 37.9663316",1,"-87.5269704","37.9663316"
"919","-87.5761371 41.7964546",1,"-87.5761371","41.7964546"
"920","-87.6297982 41.8781136",33,"-87.6297982","41.8781136"
"921","-87.6301892 41.9055998",2,"-87.6301892","41.9055998"
"922","-87.657584 44.0886059",1,"-87.657584","44.0886059"
"923","-87.6931769 41.9104218",1,"-87.6931769","41.9104218"
"924","-87.6947699 41.5936453",1,"-87.6947699","41.5936453"
"925","-87.717711 42.0123318",1,"-87.717711","42.0123318"
"926","-87.7292172 41.9969557",1,"-87.7292172","41.9969557"
"927","-87.7317143 41.7309673",1,"-87.7317143","41.7309673"
"928","-87.771964 41.909611",1,"-87.771964","41.909611"
"929","-87.8211854 42.5847425",1,"-87.8211854","42.5847425"
"930","-87.8308522 33.6845539",1,"-87.8308522","33.6845539"
"931","-87.8328505 42.4461322",1,"-87.8328505","42.4461322"
"932","-87.8500644 13.3323464",1,"-87.8500644","13.3323464"
"933","-87.8819594 37.1092162",1,"-87.8819594","37.1092162"
"934","-87.9064736 43.0389025",3,"-87.9064736","43.0389025"
"935","-87.9196785 43.0405846",3,"-87.9196785","43.0405846"
"936","-87.9400657 41.9550296",1,"-87.9400657","41.9550296"
"937","-87.9806265 42.0883603",1,"-87.9806265","42.0883603"
"938","-87.9922684 15.5149204",1,"-87.9922684","15.5149204"
"939","-88.0111746 41.8089191",1,"-88.0111746","41.8089191"
"940","-88.0118473 41.7435073",1,"-88.0118473","41.7435073"
"941","-88.0191182 44.5198149",1,"-88.0191182","44.5198149"
"942","-88.0398912 30.6953657",1,"-88.0398912","30.6953657"
"943","-88.0622083 44.5013406",1,"-88.0622083","44.5013406"
"944","-88.1182923 41.501761",2,"-88.1182923","41.501761"
"945","-88.1227199 42.0629915",1,"-88.1227199","42.0629915"
"946","-88.1347927 41.9125286",1,"-88.1347927","41.9125286"
"947","-88.2120315 41.632223",1,"-88.2120315","41.632223"
"948","-88.2433829 40.1164204",1,"-88.2433829","40.1164204"
"949","-88.268316 49.0157351",1,"-88.268316","49.0157351"
"950","-88.2774813 42.0978361",1,"-88.2774813","42.0978361"
"951","-88.7878678 43.7844397",2,"-88.7878678","43.7844397"
"952","-88.8183872 33.4503998",1,"-88.8183872","33.4503998"
"953","-89.1705998 31.5343241",1,"-89.1705998","31.5343241"
"954","-89.2476823 48.3808951",1,"-89.2476823","48.3808951"
"955","-89.3747492 36.7758319",1,"-89.3747492","36.7758319"
"956","-89.3985283 32.3546679",2,"-89.3985283","32.3546679"
"957","-89.3985283 40.6331249",3,"-89.3985283","40.6331249"
"958","-89.408128 35.698133",1,"-89.408128","35.698133"
"959","-89.4311847 30.4692015",1,"-89.4311847","30.4692015"
"960","-89.4881766 43.0905641",1,"-89.4881766","43.0905641"
"961","-89.514593 43.0558895",1,"-89.514593","43.0558895"
"962","-89.5181476 37.3058839",1,"-89.5181476","37.3058839"
"963","-89.5352039 34.3638541",1,"-89.5352039","34.3638541"
"964","-89.5684312 42.9935911",1,"-89.5684312","42.9935911"
"965","-89.6501481 39.7817213",1,"-89.6501481","39.7817213"
"966","-89.6556353 36.1931245",1,"-89.6556353","36.1931245"
"967","-89.6894365 39.6897166",1,"-89.6894365","39.6897166"
"968","-89.761545 35.1598391",1,"-89.761545","35.1598391"
"969","-89.868226 21.013581",1,"-89.868226","21.013581"
"970","-89.9859158 32.2732024",1,"-89.9859158","32.2732024"
"971","-90.0179436 35.1523208",1,"-90.0179436","35.1523208"
"972","-90.01807 38.4916833",1,"-90.01807","38.4916833"
"973","-90.0489801 35.1495343",7,"-90.0489801","35.1495343"
"974","-90.0676696 29.9769268",1,"-90.0676696","29.9769268"
"975","-90.0715323 29.9510658",10,"-90.0715323","29.9510658"
"976","-90.1003506 29.8993723",1,"-90.1003506","29.8993723"
"977","-90.1153638 32.4618086",1,"-90.1153638","32.4618086"
"978","-90.188701 30.0006167",1,"-90.188701","30.0006167"
"979","-90.1994042 38.6270025",2,"-90.1994042","38.6270025"
"980","-90.2092119 38.7902429",1,"-90.2092119","38.7902429"
"981","-90.256776 32.231676",1,"-90.256776","32.231676"
"982","-90.2613413 38.6412636",1,"-90.2613413","38.6412636"
"983","-90.3045604 38.4700532",1,"-90.3045604","38.4700532"
"984","-90.4225951 32.2593146",1,"-90.4225951","32.2593146"
"985","-90.441448 37.135176",1,"-90.441448","37.135176"
"986","-90.4974359 38.7881062",1,"-90.4974359","38.7881062"
"987","-90.5405795 41.4674517",1,"-90.5405795","41.4674517"
"988","-90.5775911 41.5198511",1,"-90.5775911","41.5198511"
"989","-90.8529107 38.81144",1,"-90.8529107","38.81144"
"990","-90.9531574 30.5757431",1,"-90.9531574","30.5757431"
"991","-90.9562125 30.4868564",1,"-90.9562125","30.4868564"
"992","-91.075547 39.418126",1,"-91.075547","39.418126"
"993","-91.1403196 30.4582829",6,"-91.1403196","30.4582829"
"994","-91.1564961 30.6485191",1,"-91.1564961","30.6485191"
"995","-91.3855161 36.5797768",1,"-91.3855161","36.5797768"
"996","-91.5195542 30.4913049",1,"-91.5195542","30.4913049"
"997","-91.5301683 41.6611277",1,"-91.5301683","41.6611277"
"998","-91.5487714 40.9716959",1,"-91.5487714","40.9716959"
"999","-91.5523622 32.3014769",1,"-91.5523622","32.3014769"
"1000","-91.6916417 41.3014077",1,"-91.6916417","41.3014077"
"1001","-91.8318334 35.20105",2,"-91.8318334","35.20105"
"1002","-91.8318334 37.9642529",1,"-91.8318334","37.9642529"
"1003","-91.8942335 47.3825813",1,"-91.8942335","47.3825813"
"1004","-91.9206505 44.9028713",1,"-91.9206505","44.9028713"
"1005","-91.957391 38.5080888",1,"-91.957391","38.5080888"
"1006","-91.9623327 30.9842977",2,"-91.9623327","30.9842977"
"1007","-92.0116863 37.408455",1,"-92.0116863","37.408455"
"1008","-92.0556795 29.8832629",1,"-92.0556795","29.8832629"
"1009","-92.4056985 32.7734728",1,"-92.4056985","32.7734728"
"1010","-92.4401869 38.511696",1,"-92.4401869","38.511696"
"1011","-92.4888303 30.5177349",2,"-92.4888303","30.5177349"
"1012","-92.5664305 35.1524783",1,"-92.5664305","35.1524783"
"1013","-92.6293716 44.9005607",1,"-92.6293716","44.9005607"
"1014","-92.8103551 38.1380003",1,"-92.8103551","38.1380003"
"1015","-92.919667 41.400595",1,"-92.919667","41.400595"
"1016","-93.097702 41.8780025",4,"-93.097702","41.8780025"
"1017","-93.2009998 44.9374831",1,"-93.2009998","44.9374831"
"1018","-93.2222846 44.8847554",1,"-93.2222846","44.8847554"
"1019","-93.2650108 44.977753",3,"-93.2650108","44.977753"
"1020","-93.2965809 44.9997064",1,"-93.2965809","44.9997064"
"1021","-93.2986106 44.3139974",1,"-93.2986106","44.3139974"
"1022","-93.3603563 44.8713848",1,"-93.3603563","44.8713848"
"1023","-93.6091064 41.6005448",2,"-93.6091064","41.6005448"
"1024","-93.6319131 42.0307812",1,"-93.6319131","42.0307812"
"1025","-93.7365549 30.0929879",1,"-93.7365549","30.0929879"
"1026","-93.7501789 32.5251516",1,"-93.7501789","32.5251516"
"1027","-93.7574008 30.8485337",1,"-93.7574008","30.8485337"
"1028","-93.8349022 32.6926454",1,"-93.8349022","32.6926454"
"1029","-93.939947 29.8849504",1,"-93.939947","29.8849504"
"1030","-94.0154541 30.1316001",1,"-94.0154541","30.1316001"
"1031","-94.1265562 30.080174",1,"-94.1265562","30.080174"
"1032","-94.2162152 36.3628451",1,"-94.2162152","36.3628451"
"1033","-94.2265117 42.7384177",1,"-94.2265117","42.7384177"
"1034","-94.23452 44.1042015",1,"-94.23452","44.1042015"
"1035","-94.3124116 30.3715975",1,"-94.3124116","30.3715975"
"1036","-94.3952022 31.9037814",1,"-94.3952022","31.9037814"
"1037","-94.4191177 39.2461138",1,"-94.4191177","39.2461138"
"1038","-94.5318982 38.8119527",1,"-94.5318982","38.8119527"
"1039","-94.5493052 38.9237185",1,"-94.5493052","38.9237185"
"1040","-94.5785667 39.0997265",5,"-94.5785667","39.0997265"
"1041","-94.6858998 46.729553",6,"-94.6858998","46.729553"
"1042","-94.70496 37.410884",1,"-94.70496","37.410884"
"1043","-94.7151865 39.0228485",1,"-94.7151865","39.0228485"
"1044","-94.7308248 38.9231911",1,"-94.7308248","38.9231911"
"1045","-94.8701751 41.2724818",1,"-94.8701751","41.2724818"
"1046","-94.8880916 30.0447317",1,"-94.8880916","30.0447317"
"1047","-95.0000769 39.1168531",1,"-95.0000769","39.1168531"
"1048","-95.0924081 39.7888604",1,"-95.0924081","39.7888604"
"1049","-95.1057625 29.3780129",1,"-95.1057625","29.3780129"
"1050","-95.1765978 29.9988306",1,"-95.1765978","29.9988306"
"1051","-95.1902986 30.0575359",1,"-95.1902986","30.0575359"
"1052","-95.3268747 29.6912036",1,"-95.3268747","29.6912036"
"1053","-95.3311652 29.6588431",1,"-95.3311652","29.6588431"
"1054","-95.357994 30.3332654",1,"-95.357994","30.3332654"
"1055","-95.3656107 29.7601082",1,"-95.3656107","29.7601082"
"1056","-95.3698028 29.7604267",40,"-95.3698028","29.7604267"
"1057","-95.408619 29.691297",1,"-95.408619","29.691297"
"1058","-95.4343859 29.0338575",1,"-95.4343859","29.0338575"
"1059","-95.4461714 29.625765",1,"-95.4461714","29.625765"
"1060","-95.4612625 30.1658207",1,"-95.4612625","30.1658207"
"1061","-95.5171646 29.759951",1,"-95.5171646","29.759951"
"1062","-95.546668 30.0628387",1,"-95.546668","30.0628387"
"1063","-95.5691126 29.0444147",1,"-95.5691126","29.0444147"
"1064","-95.6010668 33.1384479",1,"-95.6010668","33.1384479"
"1065","-95.6356734 29.9478567",1,"-95.6356734","29.9478567"
"1066","-95.6375044 29.7545326",1,"-95.6375044","29.7545326"
"1067","-95.712891 37.09024",64,"-95.712891","37.09024"
"1068","-95.99153 36.156883",1,"-95.99153","36.156883"
"1069","-95.992775 36.1539816",3,"-95.992775","36.1539816"
"1070","-96.3324817 32.9751204",1,"-96.3324817","32.9751204"
"1071","-96.3344068 30.627977",2,"-96.3344068","30.627977"
"1072","-96.3699632 30.6743643",2,"-96.3699632","30.6743643"
"1073","-96.5388789 33.0151201",2,"-96.5388789","33.0151201"
"1074","-96.6388833 32.912624",1,"-96.6388833","32.912624"
"1075","-96.6705503 33.1031744",1,"-96.6705503","33.1031744"
"1076","-96.6988856 33.0198431",1,"-96.6988856","33.0198431"
"1077","-96.7028312 33.0205401",1,"-96.7028312","33.0205401"
"1078","-96.7298519 32.9483335",1,"-96.7298519","32.9483335"
"1079","-96.7969879 32.7766642",26,"-96.7969879","32.7766642"
"1080","-96.8042882 32.8083577",1,"-96.8042882","32.8083577"
"1081","-96.8170178 32.7146754",1,"-96.8170178","32.7146754"
"1082","-96.8236116 33.1506744",5,"-96.8236116","33.1506744"
"1083","-96.8485308 32.5636793",1,"-96.8485308","32.5636793"
"1084","-96.8512063 32.8481029",1,"-96.8512063","32.8481029"
"1085","-96.859684 32.791889",1,"-96.859684","32.791889"
"1086","-96.8645856 32.7362591",1,"-96.8645856","32.7362591"
"1087","-96.9101806 19.5437751",1,"-96.9101806","19.5437751"
"1088","-96.936371 30.1827159",1,"-96.936371","30.1827159"
"1089","-96.9375051 33.1626193",1,"-96.9375051","33.1626193"
"1090","-96.9767023 37.6866844",1,"-96.9767023","37.6866844"
"1091","-96.9819507 32.7229096",1,"-96.9819507","32.7229096"
"1092","-97.0150078 32.9545687",1,"-97.0150078","32.9545687"
"1093","-97.0855361 32.9407362",1,"-97.0855361","32.9407362"
"1094","-97.092877 35.0077519",2,"-97.092877","35.0077519"
"1095","-97.1060202 32.940444",1,"-97.1060202","32.940444"
"1096","-97.1080656 32.735687",1,"-97.1080656","32.735687"
"1097","-97.229298 32.9341893",1,"-97.229298","32.9341893"
"1098","-97.2464071 19.5572354",1,"-97.2464071","19.5572354"
"1099","-97.2689212 35.4975625",1,"-97.2689212","35.4975625"
"1100","-97.2988543 32.479775",1,"-97.2988543","32.479775"
"1101","-97.3208492 32.5420821",2,"-97.3208492","32.5420821"
"1102","-97.330053 37.6871761",1,"-97.330053","37.6871761"
"1103","-97.3307658 32.7554883",3,"-97.3307658","32.7554883"
"1104","-97.3470449 37.7305444",1,"-97.3470449","37.7305444"
"1105","-97.396381 27.8005828",1,"-97.396381","27.8005828"
"1106","-97.4091792 31.4440557",1,"-97.4091792","31.4440557"
"1107","-97.4763733 26.0717438",1,"-97.4763733","26.0717438"
"1108","-97.4867028 35.3395079",1,"-97.4867028","35.3395079"
"1109","-97.5027376 25.8690294",1,"-97.5027376","25.8690294"
"1110","-97.5086408 25.9434615",1,"-97.5086408","25.9434615"
"1111","-97.5164276 35.4675602",6,"-97.5164276","35.4675602"
"1112","-97.6322639 35.5186678",1,"-97.6322639","35.5186678"
"1113","-97.6752728 32.751138",1,"-97.6752728","32.751138"
"1114","-97.678896 30.5082551",1,"-97.678896","30.5082551"
"1115","-97.7159505 30.33276",1,"-97.7159505","30.33276"
"1116","-97.7277959 31.1171194",1,"-97.7277959","31.1171194"
"1117","-97.7340567 30.2849185",1,"-97.7340567","30.2849185"
"1118","-97.7430608 30.267153",8,"-97.7430608","30.267153"
"1119","-97.7972544 32.7592955",1,"-97.7972544","32.7592955"
"1120","-97.856109 27.5158689",2,"-97.856109","27.5158689"
"1121","-97.9135355 29.8247201",1,"-97.9135355","29.8247201"
"1122","-97.9413941 29.8832749",1,"-97.9413941","29.8832749"
"1123","-97.9430674 29.8888845",1,"-97.9430674","29.8888845"
"1124","-97.9526035 30.3609069",1,"-97.9526035","30.3609069"
"1125","-98.05195 26.1703525",1,"-98.05195","26.1703525"
"1126","-98.1421662 29.7066704",1,"-98.1421662","29.7066704"
"1127","-98.172755 30.4366854",1,"-98.172755","30.4366854"
"1128","-98.292273 34.7803469",1,"-98.292273","34.7803469"
"1129","-98.2978951 26.0508406",1,"-98.2978951","26.0508406"
"1130","-98.4842465 39.011902",1,"-98.4842465","39.011902"
"1131","-98.4936282 29.4241219",6,"-98.4936282","29.4241219"
"1132","-98.539144 29.5488614",1,"-98.539144","29.5488614"
"1133","-98.6783516 27.3067057",1,"-98.6783516","27.3067057"
"1134","-98.7375911 37.6439071",1,"-98.7375911","37.6439071"
"1135","-99.1260267 19.292736",1,"-99.1260267","19.292736"
"1136","-99.133208 19.4326077",7,"-99.133208","19.4326077"
"1137","-99.1393889 19.5458275",1,"-99.1393889","19.5458275"
"1138","-99.1712821 19.4121597",1,"-99.1712821","19.4121597"
"1139","-99.1905974 19.3723335",1,"-99.1905974","19.3723335"
"1140","-99.2342196 39.4085122",1,"-99.2342196","39.4085122"
"1141","-99.2650804 34.1545306",1,"-99.2650804","34.1545306"
"1142","-99.2650967 39.4380656",2,"-99.2650967","39.4380656"
"1143","-99.2880597 19.3631419",1,"-99.2880597","19.3631419"
"1144","-99.7861679 29.2096836",1,"-99.7861679","29.2096836"
"1145","-99.9018131 31.9685988",26,"-99.9018131","31.9685988"
"1146","-99.9018131 41.4925374",1,"-99.9018131","41.4925374"
"1147","-99.9018131 43.9695148",1,"-99.9018131","43.9695148"
"1148","0.068161 51.655942",1,"0.068161","51.655942"
"1149","0.121817 52.205337",1,"0.121817","52.205337"
"1150","0.5809365 50.8830123",1,"0.5809365","50.8830123"
"1151","0.6200146 41.6175899",1,"0.6200146","41.6175899"
"1152","0.629653 41.617559",1,"0.629653","41.617559"
"1153","0.6673665 51.7659078",1,"0.6673665","51.7659078"
"1154","1.0559289 12.1612846",1,"1.0559289","12.1612846"
"1155","1.261105 45.833619",1,"1.261105","45.833619"
"1156","1.297355 52.6308859",1,"1.297355","52.6308859"
"1157","1.419597 50.04887",1,"1.419597","50.04887"
"1158","1.4821482 39.0200099",1,"1.4821482","39.0200099"
"1159","10.451526 51.165691",1,"10.451526","51.165691"
"1160","100.5017651 13.7563309",1,"100.5017651","13.7563309"
"1161","101.8563081 3.3696727",1,"101.8563081","3.3696727"
"1162","102.2500868 2.189594",1,"102.2500868","2.189594"
"1163","103.4937107 14.882905",1,"103.4937107","14.882905"
"1164","103.7618154 1.4853682",1,"103.7618154","1.4853682"
"1165","104.195397 35.86166",1,"104.195397","35.86166"
"1166","105.318756 61.52401",1,"105.318756","61.52401"
"1167","11.2486208 43.7710513",1,"11.2486208","43.7710513"
"1168","11.5354214 45.5454787",1,"11.5354214","45.5454787"
"1169","11.5819806 48.1351253",1,"11.5819806","48.1351253"
"1170","110.8243272 -7.5754887",1,"110.8243272","-7.5754887"
"1171","113.921327 -0.789275",1,"113.921327","-0.789275"
"1172","116.0648074 5.9690277",1,"116.0648074","5.9690277"
"1173","116.487547 39.9844242",1,"116.487547","39.9844242"
"1174","119.6290617 -4.0096221",1,"119.6290617","-4.0096221"
"1175","119.9856157 16.1505291",1,"119.9856157","16.1505291"
"1176","12.4963655 41.9027835",2,"12.4963655","41.9027835"
"1177","12.56738 41.87194",4,"12.56738","41.87194"
"1178","120.9842195 14.5995124",2,"120.9842195","14.5995124"
"1179","121.774017 12.879721",1,"121.774017","12.879721"
"1180","126.9779692 37.566535",1,"126.9779692","37.566535"
"1181","127.766922 35.907757",1,"127.766922","35.907757"
"1182","13.404954 52.5200066",3,"13.404954","52.5200066"
"1183","13.9848891 48.5063813",1,"13.9848891","48.5063813"
"1184","133.775136 -25.274398",1,"133.775136","-25.274398"
"1185","135.7514114 35.0104252",1,"135.7514114","35.0104252"
"1186","136.2091547 -30.0002315",1,"136.2091547","-30.0002315"
"1187","136.5085883 34.7302829",2,"136.5085883","34.7302829"
"1188","138.252924 36.204824",1,"138.252924","36.204824"
"1189","139.754732 35.655152",2,"139.754732","35.655152"
"1190","14.332644 40.901975",1,"14.332644","40.901975"
"1191","14.442176 45.3270631",1,"14.442176","45.3270631"
"1192","14.550072 47.516231",1,"14.550072","47.516231"
"1193","14.7265875 48.2909348",1,"14.7265875","48.2909348"
"1194","14.9998922 60.7303082",1,"14.9998922","60.7303082"
"1195","144.8261797 -37.7760015",1,"144.8261797","-37.7760015"
"1196","144.963056 -37.813611",1,"144.963056","-37.813611"
"1197","15.2428853 -4.2633597",1,"15.2428853","-4.2633597"
"1198","150.6336091 -33.5356513",1,"150.6336091","-33.5356513"
"1199","150.9753181 -33.7291068",1,"150.9753181","-33.7291068"
"1200","151.2015649 -33.8662283",1,"151.2015649","-33.8662283"
"1201","151.2092955 -33.8688197",1,"151.2092955","-33.8688197"
"1202","151.2144149 -33.8754399",2,"151.2144149","-33.8754399"
"1203","153.0120454 -27.4804984",1,"153.0120454","-27.4804984"
"1204","153.0618796 -26.3984745",1,"153.0618796","-26.3984745"
"1205","153.1932534 -28.6104322",1,"153.1932534","-28.6104322"
"1206","17.7135014 44.2817486",1,"17.7135014","44.2817486"
"1207","174.885971 -40.900557",1,"174.885971","-40.900557"
"1208","175.279253 -37.7870012",1,"175.279253","-37.7870012"
"1209","18.0685808 59.3293235",1,"18.0685808","59.3293235"
"1210","18.4240553 -33.9248685",1,"18.4240553","-33.9248685"
"1211","18.5711994 53.0195187",1,"18.5711994","53.0195187"
"1212","18.643501 60.128161",1,"18.643501","60.128161"
"1213","19.0295714 50.3264314",1,"19.0295714","50.3264314"
"1214","19.145136 51.919438",4,"19.145136","51.919438"
"1215","19.503304 47.162494",1,"19.503304","47.162494"
"1216","19.699024 48.669026",2,"19.699024","48.669026"
"1217","2.1734035 41.3850639",1,"2.1734035","41.3850639"
"1218","2.213749 46.227638",4,"2.213749","46.227638"
"1219","2.3522219 48.856614",6,"2.3522219","48.856614"
"1220","2.381153 48.857993",1,"2.381153","48.857993"
"1221","2.8424806 50.4359501",1,"2.8424806","50.4359501"
"1222","20.4522144 54.7104264",1,"20.4522144","54.7104264"
"1223","20.902977 42.6026359",1,"20.902977","42.6026359"
"1224","21.005859 44.016521",2,"21.005859","44.016521"
"1225","21.2570307 45.7659345",1,"21.2570307","45.7659345"
"1226","21.30299 46.194054",1,"21.30299","46.194054"
"1227","21.734574 38.2466395",1,"21.734574","38.2466395"
"1228","21.824312 39.074208",1,"21.824312","39.074208"
"1229","22.937506 -30.559482",1,"22.937506","-30.559482"
"1230","23.7275388 37.9838096",1,"23.7275388","37.9838096"
"1231","24.7520991 59.4330014",1,"24.7520991","59.4330014"
"1232","24.938379 60.1698557",1,"24.938379","60.1698557"
"1233","24.96676 45.943161",1,"24.96676","45.943161"
"1234","25.3929576 42.6194408",1,"25.3929576","42.6194408"
"1235","25.748151 61.92411",1,"25.748151","61.92411"
"1236","26.4272464 59.2911767",1,"26.4272464","59.2911767"
"1237","27.255854 -25.6544483",1,"27.255854","-25.6544483"
"1238","27.2721457 61.6887271",1,"27.2721457","61.6887271"
"1239","28.2292712 -25.7478676",1,"28.2292712","-25.7478676"
"1240","28.9783589 41.0082376",3,"28.9783589","41.0082376"
"1241","29.1739513 40.9498022",1,"29.1739513","40.9498022"
"1242","3.0175712 39.6952629",1,"3.0175712","39.6952629"
"1243","3.0611177 50.6241808",1,"3.0611177","50.6241808"
"1244","3.2835137 6.4664448",1,"3.2835137","6.4664448"
"1245","3.3792057 6.5243793",2,"3.3792057","6.5243793"
"1246","3.5104537 6.6194131",1,"3.5104537","6.6194131"
"1247","3.9203198 6.8137971",1,"3.9203198","6.8137971"
"1248","31.0218404 -29.8586804",1,"31.0218404","-29.8586804"
"1249","31.03351 -17.8251657",1,"31.03351","-17.8251657"
"1250","31.03351 30.8753556",1,"31.03351","30.8753556"
"1251","31.2357116 30.0444196",1,"31.2357116","30.0444196"
"1252","32.966667 13.933333",1,"32.966667","13.933333"
"1253","33.3598366 35.1338417",1,"33.3598366","35.1338417"
"1254","33.429859 35.126413",1,"33.429859","35.126413"
"1255","35.233154 31.952162",2,"35.233154","31.952162"
"1256","35.243322 38.963745",1,"35.243322","38.963745"
"1257","35.862285 33.854721",1,"35.862285","33.854721"
"1258","36.080026 -0.3030988",1,"36.080026","-0.3030988"
"1259","36.8219462 -1.2920659",2,"36.8219462","-1.2920659"
"1260","39.2083284 -6.792354",1,"39.2083284","-6.792354"
"1261","4.3494366 51.9120668",1,"4.3494366","51.9120668"
"1262","4.469936 50.503887",2,"4.469936","50.503887"
"1263","4.4777325 51.9244201",1,"4.4777325","51.9244201"
"1264","4.4970097 52.1601144",1,"4.4970097","52.1601144"
"1265","4.608622 49.749133",1,"4.608622","49.749133"
"1266","4.8091029 52.6930156",1,"4.8091029","52.6930156"
"1267","4.835659 45.764043",1,"4.835659","45.764043"
"1268","4.8951679 52.3702157",2,"4.8951679","52.3702157"
"1269","44.219722 15.479167",1,"44.219722","15.479167"
"1270","45.038189 40.069099",1,"45.038189","40.069099"
"1271","46.6752957 24.7135517",1,"46.6752957","24.7135517"
"1272","49.0660806 55.8304307",1,"49.0660806","55.8304307"
"1273","51.3889736 35.6891975",1,"51.3889736","35.6891975"
"1274","51.5310398 25.2854473",1,"51.5310398","25.2854473"
"1275","53.688046 32.427908",1,"53.688046","32.427908"
"1276","54.3773438 24.453884",1,"54.3773438","24.453884"
"1277","55.166667 25.216667",1,"55.166667","25.216667"
"1278","55.2707828 25.2048493",3,"55.2707828","25.2048493"
"1279","6.0838868 50.7753455",1,"6.0838868","50.7753455"
"1280","6.1193157 49.6091904",1,"6.1193157","49.6091904"
"1281","60.3414529 41.3895075",1,"60.3414529","41.3895075"
"1282","62.4504154 36.9481623",1,"62.4504154","36.9481623"
"1283","7.0115552 51.4556432",1,"7.0115552","51.4556432"
"1284","7.0498442 4.815554",1,"7.0498442","4.815554"
"1285","7.2138801 43.6669859",1,"7.2138801","43.6669859"
"1286","7.4165053 10.5104642",1,"7.4165053","10.5104642"
"1287","7.4474468 46.9479739",1,"7.4474468","46.9479739"
"1288","7.6868565 45.070312",1,"7.6868565","45.070312"
"1289","72.7980048 21.1956915",3,"72.7980048","21.1956915"
"1290","72.830582 18.9204555",1,"72.830582","18.9204555"
"1291","72.8776559 19.0759837",2,"72.8776559","19.0759837"
"1292","73.0931461 33.7293882",1,"73.0931461","33.7293882"
"1293","73.712479 24.585445",1,"73.712479","24.585445"
"1294","73.8567437 18.5204303",1,"73.8567437","18.5204303"
"1295","74.837876 32.72951",1,"74.837876","32.72951"
"1296","76.864378 30.693291",1,"76.864378","30.693291"
"1297","77.0330481 26.7454967",1,"77.0330481","26.7454967"
"1298","77.2090212 28.6139391",1,"77.2090212","28.6139391"
"1299","77.3018829 28.5891405",1,"77.3018829","28.5891405"
"1300","77.5928353 13.1021823",1,"77.5928353","13.1021823"
"1301","77.5945627 12.9715987",1,"77.5945627","12.9715987"
"1302","77.8252923 12.7409127",1,"77.8252923","12.7409127"
"1303","78.471002 17.4436085",1,"78.471002","17.4436085"
"1304","78.486671 17.385044",1,"78.486671","17.385044"
"1305","78.96288 20.593684",3,"78.96288","20.593684"
"1306","8.227512 46.818188",2,"8.227512","46.818188"
"1307","8.468946 60.472024",2,"8.468946","60.472024"
"1308","8.541694 47.3768866",2,"8.541694","47.3768866"
"1309","8.675277 9.081999",1,"8.675277","9.081999"
"1310","80.3318736 26.449923",1,"80.3318736","26.449923"
"1311","80.6480153 16.5061743",1,"80.6480153","16.5061743"
"1312","86.2028754 22.8045665",1,"86.2028754","22.8045665"
"1313","9.1248162 52.8453301",1,"9.1248162","52.8453301"
"1314","9.1859243 45.4654219",1,"9.1859243","45.4654219"
"1315","9.385729 45.9382941",1,"9.385729","45.9382941"
"1316","90.4125181 23.810332",1,"90.4125181","23.810332"
"1317","92.9375739 26.2006043",1,"92.9375739","26.2006043"
"1318","93.712433 27.966",1,"93.712433","27.966"
"1319","99.1966559 61.0137097",1,"99.1966559","61.0137097"
